"cell_id","G","latent_icc","size_mechanism","strength","regularity","method_id","target_id","replications","status_ok_fraction","coverage","coverage_mcse","mean_point_bias","point_rmse","mean_interval_length","median_interval_length","mean_se_equivalent","maximum_invalid_fraction"
"P14-C001",20,0.05,"balanced","weak","regular","V4-CMP-IID-RESP-BB-v1","WORKING-INDEPENDENCE-RESPONDENT",60,1,0.9,0.0387298334620742,-0.0037827625880046,0.0249075378444427,0.0827562681824371,0.0839248919649728,0.0211304753053316,0
"P14-C001",20,0.05,"balanced","weak","regular","V4-CMP-MOKKEN-TWOLEVEL-DELTA-v1","V4-TARGET-RESPONDENT-WEIGHTED-v1",60,1,0.95,0.0281365716935569,-0.0037827625879985,0.0249075378444417,0.115402769836968,0.115542740124599,0.0294400230685999,0
"P14-C001",20,0.05,"balanced","weak","regular","V4-CMP-ONE-STAGE-CLUSTER-BB-RESP-v1","V4-TARGET-RESPONDENT-WEIGHTED-v1",60,1,0.883333333333333,0.0414438486701295,-0.0037827625880046,0.0249075378444427,0.0811305217255949,0.0797754426363176,0.0204691707216856,0
"P14-C001",20,0.05,"balanced","weak","regular","V4-CMP-TWO-STAGE-FREQ-BOOT-RESP-v1","V4-TARGET-RESPONDENT-WEIGHTED-v1",60,1,0.966666666666667,0.0231740595717936,-0.0037827625880046,0.0249075378444427,0.11820154808128,0.118486180297129,0.0299822607114132,0
"P14-C001",20,0.05,"balanced","weak","regular","V4-PRI-TWO-STAGE-HBB-RESP-v1","V4-TARGET-RESPONDENT-WEIGHTED-v1",60,1,0.983333333333333,0.016527194200715,-0.0037827625880046,0.0249075378444427,0.136693817066619,0.135112872913028,0.0344180842660193,0
"P14-C001",20,0.05,"balanced","weak","regular","V4-SENS-TWO-STAGE-HBB-CLUSTER-v1","V4-TARGET-EQUAL-CLUSTER-v1",60,1,1,0,-0.0037827625880046,0.0249075378444427,0.135505290925813,0.134685816786226,0.034304500669314,0
"P14-C002",20,0.17,"swmdk_like","medium","near_knot","V4-CMP-IID-RESP-BB-v1","WORKING-INDEPENDENCE-RESPONDENT",60,1,0.883333333333333,0.0414438486701295,-0.00305319469564955,0.0298884319423546,0.0957345818147725,0.0964954523373515,0.0242479288948985,0
"P14-C002",20,0.17,"swmdk_like","medium","near_knot","V4-CMP-MOKKEN-TWOLEVEL-DELTA-v1","V4-TARGET-RESPONDENT-WEIGHTED-v1",60,1,0.983333333333333,0.016527194200715,-0.00305319469564747,0.0298884319423545,0.119771758968193,0.120736970421797,0.0305545815925541,0
"P14-C002",20,0.17,"swmdk_like","medium","near_knot","V4-CMP-ONE-STAGE-CLUSTER-BB-RESP-v1","V4-TARGET-RESPONDENT-WEIGHTED-v1",60,1,0.85,0.0460977222864644,-0.00305319469564955,0.0298884319423546,0.0926541075600693,0.0924404115866236,0.0236473950099066,0
"P14-C002",20,0.17,"swmdk_like","medium","near_knot","V4-CMP-TWO-STAGE-FREQ-BOOT-RESP-v1","V4-TARGET-RESPONDENT-WEIGHTED-v1",60,1,0.983333333333333,0.016527194200715,-0.00305319469564955,0.0298884319423546,0.134771106664539,0.135593484946355,0.0340082024996456,0
"P14-C002",20,0.17,"swmdk_like","medium","near_knot","V4-PRI-TWO-STAGE-HBB-RESP-v1","V4-TARGET-RESPONDENT-WEIGHTED-v1",60,1,1,0,-0.00305319469564955,0.0298884319423546,0.155762349154467,0.153941308875351,0.0394163441380745,0
"P14-C002",20,0.17,"swmdk_like","medium","near_knot","V4-SENS-TWO-STAGE-HBB-CLUSTER-v1","V4-TARGET-EQUAL-CLUSTER-v1",60,1,0.966666666666667,0.0231740595717936,-0.00161714099261558,0.0341814145172306,0.164759280829634,0.165047116664152,0.0415465003284461,0
"P14-C003",20,0.3,"informative","strong","exact_knot","V4-CMP-IID-RESP-BB-v1","WORKING-INDEPENDENCE-RESPONDENT",60,1,0.883333333333333,0.0414438486701295,0.00241714020206632,0.0318822920663666,0.107012144907632,0.107345132385774,0.0269872768858475,0
"P14-C003",20,0.3,"informative","strong","exact_knot","V4-CMP-MOKKEN-TWOLEVEL-DELTA-v1","V4-TARGET-RESPONDENT-WEIGHTED-v1",60,1,0.983333333333333,0.016527194200715,0.00241714020206425,0.0318822920663668,0.148405647864694,0.146752605358095,0.0378592793120943,0
"P14-C003",20,0.3,"informative","strong","exact_knot","V4-CMP-ONE-STAGE-CLUSTER-BB-RESP-v1","V4-TARGET-RESPONDENT-WEIGHTED-v1",60,1,0.933333333333333,0.0322030594359765,0.00241714020206632,0.0318822920663666,0.115381945384228,0.112692123216061,0.0290941160221812,0
"P14-C003",20,0.3,"informative","strong","exact_knot","V4-CMP-TWO-STAGE-FREQ-BOOT-RESP-v1","V4-TARGET-RESPONDENT-WEIGHTED-v1",60,1,0.983333333333333,0.016527194200715,0.00241714020206632,0.0318822920663666,0.162876756415748,0.161977317199288,0.0412433908853478,0
"P14-C003",20,0.3,"informative","strong","exact_knot","V4-PRI-TWO-STAGE-HBB-RESP-v1","V4-TARGET-RESPONDENT-WEIGHTED-v1",60,1,0.983333333333333,0.016527194200715,0.00241714020206632,0.0318822920663666,0.177473441718752,0.177586464617423,0.044922298774945,0
"P14-C003",20,0.3,"informative","strong","exact_knot","V4-SENS-TWO-STAGE-HBB-CLUSTER-v1","V4-TARGET-EQUAL-CLUSTER-v1",60,1,1,0,0.00332188985054994,0.0345052276817073,0.1887230878686,0.189999621009992,0.0477425409392817,0
"P14-C004",20,0.05,"swmdk_like","strong","near_knot","V4-CMP-IID-RESP-BB-v1","WORKING-INDEPENDENCE-RESPONDENT",60,1,0.933333333333333,0.0322030594359765,0.00500987447018616,0.0240755372948665,0.0968669710663581,0.0964875867618468,0.024649697979947,0
"P14-C004",20,0.05,"swmdk_like","strong","near_knot","V4-CMP-MOKKEN-TWOLEVEL-DELTA-v1","V4-TARGET-RESPONDENT-WEIGHTED-v1",60,1,0.966666666666667,0.0231740595717936,0.00500987447018666,0.0240755372948681,0.117803334991226,0.116556173381007,0.0300524233915632,0
"P14-C004",20,0.05,"swmdk_like","strong","near_knot","V4-CMP-ONE-STAGE-CLUSTER-BB-RESP-v1","V4-TARGET-RESPONDENT-WEIGHTED-v1",60,1,0.95,0.0281365716935569,0.00500987447018616,0.0240755372948665,0.0925070252038799,0.0911611539051001,0.0234437556359636,0
"P14-C004",20,0.05,"swmdk_like","strong","near_knot","V4-CMP-TWO-STAGE-FREQ-BOOT-RESP-v1","V4-TARGET-RESPONDENT-WEIGHTED-v1",60,1,0.983333333333333,0.016527194200715,0.00500987447018616,0.0240755372948665,0.136439058853295,0.136471763483405,0.0343124253358373,0
"P14-C004",20,0.05,"swmdk_like","strong","near_knot","V4-PRI-TWO-STAGE-HBB-RESP-v1","V4-TARGET-RESPONDENT-WEIGHTED-v1",60,1,0.983333333333333,0.016527194200715,0.00500987447018616,0.0240755372948665,0.156991294312895,0.15770930640952,0.039510715428722,0
"P14-C004",20,0.05,"swmdk_like","strong","near_knot","V4-SENS-TWO-STAGE-HBB-CLUSTER-v1","V4-TARGET-EQUAL-CLUSTER-v1",60,1,0.983333333333333,0.016527194200715,0.00627850144512061,0.0279089394905028,0.165273671533182,0.165546644164218,0.0419203978310329,0
"P14-C005",20,0.17,"informative","weak","exact_knot","V4-CMP-IID-RESP-BB-v1","WORKING-INDEPENDENCE-RESPONDENT",60,1,0.933333333333333,0.0322030594359765,-0.000194914720711624,0.0223097032763625,0.0886032607274545,0.0888319495539743,0.0224913407945143,0
"P14-C005",20,0.17,"informative","weak","exact_knot","V4-CMP-MOKKEN-TWOLEVEL-DELTA-v1","V4-TARGET-RESPONDENT-WEIGHTED-v1",60,1,1,0,-0.000194914720712016,0.0223097032763633,0.114303475974131,0.112925214317432,0.0291595858076328,0
"P14-C005",20,0.17,"informative","weak","exact_knot","V4-CMP-ONE-STAGE-CLUSTER-BB-RESP-v1","V4-TARGET-RESPONDENT-WEIGHTED-v1",60,1,0.933333333333333,0.0322030594359765,-0.000194914720711624,0.0223097032763625,0.0872616384180573,0.0870064182864086,0.0219196075143685,0
"P14-C005",20,0.17,"informative","weak","exact_knot","V4-CMP-TWO-STAGE-FREQ-BOOT-RESP-v1","V4-TARGET-RESPONDENT-WEIGHTED-v1",60,1,1,0,-0.000194914720711624,0.0223097032763625,0.125744895365736,0.123909165548091,0.0317954131233119,0
"P14-C005",20,0.17,"informative","weak","exact_knot","V4-PRI-TWO-STAGE-HBB-RESP-v1","V4-TARGET-RESPONDENT-WEIGHTED-v1",60,1,1,0,-0.000194914720711624,0.0223097032763625,0.145088928398928,0.142670765325379,0.0366891923874154,0
"P14-C005",20,0.17,"informative","weak","exact_knot","V4-SENS-TWO-STAGE-HBB-CLUSTER-v1","V4-TARGET-EQUAL-CLUSTER-v1",60,1,0.983333333333333,0.016527194200715,-0.00040232436027329,0.0233773029769267,0.148967657187973,0.145738364070066,0.0377729416037334,0
"P14-C006",20,0.3,"balanced","medium","regular","V4-CMP-IID-RESP-BB-v1","WORKING-INDEPENDENCE-RESPONDENT",60,1,0.966666666666667,0.0231740595717936,-0.00319045321094637,0.0264726196095134,0.0987003987497922,0.0989804732058998,0.0248258284560076,0
"P14-C006",20,0.3,"balanced","medium","regular","V4-CMP-MOKKEN-TWOLEVEL-DELTA-v1","V4-TARGET-RESPONDENT-WEIGHTED-v1",60,1,1,0,-0.00319045321093898,0.0264726196095117,0.147782094563053,0.142715595903004,0.0377002066692908,0
"P14-C006",20,0.3,"balanced","medium","regular","V4-CMP-ONE-STAGE-CLUSTER-BB-RESP-v1","V4-TARGET-RESPONDENT-WEIGHTED-v1",60,1,0.95,0.0281365716935569,-0.00319045321094637,0.0264726196095134,0.110094120787839,0.104980287498332,0.027774602094999,0
"P14-C006",20,0.3,"balanced","medium","regular","V4-CMP-TWO-STAGE-FREQ-BOOT-RESP-v1","V4-TARGET-RESPONDENT-WEIGHTED-v1",60,1,1,0,-0.00319045321094637,0.0264726196095134,0.148182968085467,0.145798213649609,0.037537333521655,0
"P14-C006",20,0.3,"balanced","medium","regular","V4-PRI-TWO-STAGE-HBB-RESP-v1","V4-TARGET-RESPONDENT-WEIGHTED-v1",60,1,1,0,-0.00319045321094637,0.0264726196095134,0.168392805024993,0.165008681063069,0.0423251122822823,0
"P14-C006",20,0.3,"balanced","medium","regular","V4-SENS-TWO-STAGE-HBB-CLUSTER-v1","V4-TARGET-EQUAL-CLUSTER-v1",60,1,1,0,-0.00319045321094637,0.0264726196095134,0.166041589241335,0.165528061468047,0.0420242895810438,0
"P14-C007",30,0.05,"informative","medium","near_knot","V4-CMP-IID-RESP-BB-v1","WORKING-INDEPENDENCE-RESPONDENT",60,1,0.95,0.0281365716935569,6.61706690079717e-05,0.0210640868519406,0.0868427023467762,0.0863953213918231,0.0219038076059234,0
"P14-C007",30,0.05,"informative","medium","near_knot","V4-CMP-MOKKEN-TWOLEVEL-DELTA-v1","V4-TARGET-RESPONDENT-WEIGHTED-v1",60,1,0.983333333333333,0.016527194200715,6.61706690062258e-05,0.0210640868519407,0.112445769518824,0.112976620927635,0.028685672391376,0
"P14-C007",30,0.05,"informative","medium","near_knot","V4-CMP-ONE-STAGE-CLUSTER-BB-RESP-v1","V4-TARGET-RESPONDENT-WEIGHTED-v1",60,1,0.933333333333333,0.0322030594359765,6.61706690079717e-05,0.0210640868519406,0.08497240513836,0.0850511033622786,0.0217020887849925,0
"P14-C007",30,0.05,"informative","medium","near_knot","V4-CMP-TWO-STAGE-FREQ-BOOT-RESP-v1","V4-TARGET-RESPONDENT-WEIGHTED-v1",60,1,1,0,6.61706690079717e-05,0.0210640868519406,0.12150818886877,0.122654011834578,0.0308392743367556,0
"P14-C007",30,0.05,"informative","medium","near_knot","V4-PRI-TWO-STAGE-HBB-RESP-v1","V4-TARGET-RESPONDENT-WEIGHTED-v1",60,1,1,0,6.61706690079717e-05,0.0210640868519406,0.139843665358113,0.139487214426535,0.0354715943837261,0
"P14-C007",30,0.05,"informative","medium","near_knot","V4-SENS-TWO-STAGE-HBB-CLUSTER-v1","V4-TARGET-EQUAL-CLUSTER-v1",60,1,1,0,0.00120856079903354,0.0225905201576505,0.145949644743884,0.145885629358569,0.0366645799879479,0
"P14-C008",30,0.17,"balanced","strong","regular","V4-CMP-IID-RESP-BB-v1","WORKING-INDEPENDENCE-RESPONDENT",60,1,0.95,0.0281365716935569,-0.00115288506475703,0.0208023739742805,0.0821487678362747,0.0811307096688086,0.0208426432946797,0
"P14-C008",30,0.17,"balanced","strong","regular","V4-CMP-MOKKEN-TWOLEVEL-DELTA-v1","V4-TARGET-RESPONDENT-WEIGHTED-v1",60,1,0.983333333333333,0.016527194200715,-0.00115288506475633,0.0208023739742804,0.11657170755894,0.117497969072575,0.0297382269466284,0
"P14-C008",30,0.17,"balanced","strong","regular","V4-CMP-ONE-STAGE-CLUSTER-BB-RESP-v1","V4-TARGET-RESPONDENT-WEIGHTED-v1",60,1,0.9,0.0387298334620742,-0.00115288506475703,0.0208023739742805,0.084090641971722,0.0849044163089642,0.0212487192361534,0
"P14-C008",30,0.17,"balanced","strong","regular","V4-CMP-TWO-STAGE-FREQ-BOOT-RESP-v1","V4-TARGET-RESPONDENT-WEIGHTED-v1",60,1,0.983333333333333,0.016527194200715,-0.00115288506475703,0.0208023739742805,0.117991266179992,0.118161660425659,0.0299778685339864,0
"P14-C008",30,0.17,"balanced","strong","regular","V4-PRI-TWO-STAGE-HBB-RESP-v1","V4-TARGET-RESPONDENT-WEIGHTED-v1",60,1,0.983333333333333,0.016527194200715,-0.00115288506475703,0.0208023739742805,0.134744669509789,0.134211264052794,0.034341323077947,0
"P14-C008",30,0.17,"balanced","strong","regular","V4-SENS-TWO-STAGE-HBB-CLUSTER-v1","V4-TARGET-EQUAL-CLUSTER-v1",60,1,1,0,-0.00115288506475703,0.0208023739742805,0.1375632240977,0.139976027647923,0.0347891808976782,0
"P14-C009",30,0.3,"swmdk_like","weak","exact_knot","V4-CMP-IID-RESP-BB-v1","WORKING-INDEPENDENCE-RESPONDENT",60,1,0.933333333333333,0.0322030594359765,0.0025115392974557,0.0172271042734684,0.0654595975212349,0.0656073647273035,0.016505440979408,0
"P14-C009",30,0.3,"swmdk_like","weak","exact_knot","V4-CMP-MOKKEN-TWOLEVEL-DELTA-v1","V4-TARGET-RESPONDENT-WEIGHTED-v1",60,1,0.983333333333333,0.016527194200715,0.00251153929745604,0.0172271042734688,0.0819069857722577,0.0825941570467092,0.020895023178571,0
"P14-C009",30,0.3,"swmdk_like","weak","exact_knot","V4-CMP-ONE-STAGE-CLUSTER-BB-RESP-v1","V4-TARGET-RESPONDENT-WEIGHTED-v1",60,1,0.9,0.0387298334620742,0.0025115392974557,0.0172271042734684,0.0654539273462648,0.0631857296425541,0.0167032896642558,0
"P14-C009",30,0.3,"swmdk_like","weak","exact_knot","V4-CMP-TWO-STAGE-FREQ-BOOT-RESP-v1","V4-TARGET-RESPONDENT-WEIGHTED-v1",60,1,1,0,0.0025115392974557,0.0172271042734684,0.0929354727893761,0.0934074218520298,0.0236257550885794,0
"P14-C009",30,0.3,"swmdk_like","weak","exact_knot","V4-PRI-TWO-STAGE-HBB-RESP-v1","V4-TARGET-RESPONDENT-WEIGHTED-v1",60,1,1,0,0.0025115392974557,0.0172271042734684,0.108738787390343,0.109113076393349,0.0275309894935247,0
"P14-C009",30,0.3,"swmdk_like","weak","exact_knot","V4-SENS-TWO-STAGE-HBB-CLUSTER-v1","V4-TARGET-EQUAL-CLUSTER-v1",60,1,1,0,0.00214092365942766,0.0191851489030372,0.116205293387884,0.11541551527065,0.0292632048490689,0
"P14-C010",30,0.05,"balanced","weak","exact_knot","V4-CMP-IID-RESP-BB-v1","WORKING-INDEPENDENCE-RESPONDENT",60,1,0.95,0.0281365716935569,0.00138175101235489,0.0164084557042826,0.0673429771411829,0.0678328233382766,0.0170108693889353,0
"P14-C010",30,0.05,"balanced","weak","exact_knot","V4-CMP-MOKKEN-TWOLEVEL-DELTA-v1","V4-TARGET-RESPONDENT-WEIGHTED-v1",60,1,1,0,0.00138175101234644,0.0164084557042819,0.0911161468480702,0.0903306643603083,0.0232443421325042,0
"P14-C010",30,0.05,"balanced","weak","exact_knot","V4-CMP-ONE-STAGE-CLUSTER-BB-RESP-v1","V4-TARGET-RESPONDENT-WEIGHTED-v1",60,1,0.916666666666667,0.0356812016074031,0.00138175101235489,0.0164084557042826,0.0633460369800473,0.0629588420068242,0.0160145942798248,0
"P14-C010",30,0.05,"balanced","weak","exact_knot","V4-CMP-TWO-STAGE-FREQ-BOOT-RESP-v1","V4-TARGET-RESPONDENT-WEIGHTED-v1",60,1,1,0,0.00138175101235489,0.0164084557042826,0.091644982294119,0.0903751955151457,0.023366356236872,0
"P14-C010",30,0.05,"balanced","weak","exact_knot","V4-PRI-TWO-STAGE-HBB-RESP-v1","V4-TARGET-RESPONDENT-WEIGHTED-v1",60,1,1,0,0.00138175101235489,0.0164084557042826,0.107793157078169,0.107882951298149,0.0273989856612246,0
"P14-C010",30,0.05,"balanced","weak","exact_knot","V4-SENS-TWO-STAGE-HBB-CLUSTER-v1","V4-TARGET-EQUAL-CLUSTER-v1",60,1,1,0,0.00138175101235489,0.0164084557042826,0.106046490490665,0.105738070435788,0.0271087958937136,0
"P14-C011",30,0.17,"swmdk_like","medium","regular","V4-CMP-IID-RESP-BB-v1","WORKING-INDEPENDENCE-RESPONDENT",60,1,0.95,0.0281365716935569,-0.00574929231526095,0.0202744478902449,0.0780231625657203,0.0781105979647876,0.0199164642892292,0
"P14-C011",30,0.17,"swmdk_like","medium","regular","V4-CMP-MOKKEN-TWOLEVEL-DELTA-v1","V4-TARGET-RESPONDENT-WEIGHTED-v1",60,1,0.983333333333333,0.016527194200715,-0.00574929231526402,0.0202744478902463,0.0985106626157755,0.097305465698059,0.0251307328585665,0
"P14-C011",30,0.17,"swmdk_like","medium","regular","V4-CMP-ONE-STAGE-CLUSTER-BB-RESP-v1","V4-TARGET-RESPONDENT-WEIGHTED-v1",60,1,0.933333333333333,0.0322030594359765,-0.00574929231526095,0.0202744478902449,0.0832986008839688,0.0826349575841482,0.0208467063062087,0
"P14-C011",30,0.17,"swmdk_like","medium","regular","V4-CMP-TWO-STAGE-FREQ-BOOT-RESP-v1","V4-TARGET-RESPONDENT-WEIGHTED-v1",60,1,1,0,-0.00574929231526095,0.0202744478902449,0.112986741123665,0.113150531400886,0.0289282377313619,0
"P14-C011",30,0.17,"swmdk_like","medium","regular","V4-PRI-TWO-STAGE-HBB-RESP-v1","V4-TARGET-RESPONDENT-WEIGHTED-v1",60,1,1,0,-0.00574929231526095,0.0202744478902449,0.128683594358464,0.126953860865292,0.032688369465493,0
"P14-C011",30,0.17,"swmdk_like","medium","regular","V4-SENS-TWO-STAGE-HBB-CLUSTER-v1","V4-TARGET-EQUAL-CLUSTER-v1",60,1,1,0,-0.00445624251999679,0.022028702677088,0.139123537627739,0.139139907171423,0.0350775631555473,0
"P14-C012",30,0.3,"informative","strong","near_knot","V4-CMP-IID-RESP-BB-v1","WORKING-INDEPENDENCE-RESPONDENT",60,1,0.883333333333333,0.0414438486701295,-0.000555427532644992,0.0272476977111847,0.090440016230105,0.0901252944481611,0.0228524717494935,0
"P14-C012",30,0.3,"informative","strong","near_knot","V4-CMP-MOKKEN-TWOLEVEL-DELTA-v1","V4-TARGET-RESPONDENT-WEIGHTED-v1",60,1,0.983333333333333,0.016527194200715,-0.000555427532644824,0.0272476977111837,0.123252649265482,0.122463785232687,0.0314425801284317,0
"P14-C012",30,0.3,"informative","strong","near_knot","V4-CMP-ONE-STAGE-CLUSTER-BB-RESP-v1","V4-TARGET-RESPONDENT-WEIGHTED-v1",60,1,0.866666666666667,0.0438853725736255,-0.000555427532644992,0.0272476977111847,0.0990058415586623,0.0974514175466621,0.0249513484337858,0
"P14-C012",30,0.3,"informative","strong","near_knot","V4-CMP-TWO-STAGE-FREQ-BOOT-RESP-v1","V4-TARGET-RESPONDENT-WEIGHTED-v1",60,1,0.983333333333333,0.016527194200715,-0.000555427532644992,0.0272476977111847,0.1316015121533,0.133662395022198,0.0336119494130632,0
"P14-C012",30,0.3,"informative","strong","near_knot","V4-PRI-TWO-STAGE-HBB-RESP-v1","V4-TARGET-RESPONDENT-WEIGHTED-v1",60,1,1,0,-0.000555427532644992,0.0272476977111847,0.149223985602695,0.146072283533766,0.0376806602164801,0
"P14-C012",30,0.3,"informative","strong","near_knot","V4-SENS-TWO-STAGE-HBB-CLUSTER-v1","V4-TARGET-EQUAL-CLUSTER-v1",60,1,1,0,0.00020492222490102,0.0285221363679315,0.15544690491131,0.154822214368824,0.0393326764172294,0
"P14-C013",50,0.05,"swmdk_like","strong","exact_knot","V4-CMP-IID-RESP-BB-v1","WORKING-INDEPENDENCE-RESPONDENT",60,1,0.85,0.0460977222864644,0.00727350343078109,0.0179306326257925,0.0597087527279985,0.0594626645979491,0.0151297904435678,0
"P14-C013",50,0.05,"swmdk_like","strong","exact_knot","V4-CMP-MOKKEN-TWOLEVEL-DELTA-v1","V4-TARGET-RESPONDENT-WEIGHTED-v1",60,1,0.95,0.0281365716935569,0.0072735034307822,0.0179306326257947,0.0729288248931011,0.0731942504016443,0.0186046339290809,0
"P14-C013",50,0.05,"swmdk_like","strong","exact_knot","V4-CMP-ONE-STAGE-CLUSTER-BB-RESP-v1","V4-TARGET-RESPONDENT-WEIGHTED-v1",60,1,0.883333333333333,0.0414438486701295,0.00727350343078109,0.0179306326257925,0.0586820214660722,0.0584214036241953,0.0147350369329832,0
"P14-C013",50,0.05,"swmdk_like","strong","exact_knot","V4-CMP-TWO-STAGE-FREQ-BOOT-RESP-v1","V4-TARGET-RESPONDENT-WEIGHTED-v1",60,1,0.933333333333333,0.0322030594359765,0.00727350343078109,0.0179306326257925,0.0841304029489613,0.083981824730713,0.0212934598403143,0
"P14-C013",50,0.05,"swmdk_like","strong","exact_knot","V4-PRI-TWO-STAGE-HBB-RESP-v1","V4-TARGET-RESPONDENT-WEIGHTED-v1",60,1,0.966666666666667,0.0231740595717936,0.00727350343078109,0.0179306326257925,0.0985705954706278,0.0987896125767463,0.0249744520900442,0
"P14-C013",50,0.05,"swmdk_like","strong","exact_knot","V4-SENS-TWO-STAGE-HBB-CLUSTER-v1","V4-TARGET-EQUAL-CLUSTER-v1",60,1,0.983333333333333,0.016527194200715,0.00636001133543716,0.0188769165457718,0.105242081813404,0.103117162363712,0.0268180587053753,0
"P14-C014",50,0.17,"informative","weak","regular","V4-CMP-IID-RESP-BB-v1","WORKING-INDEPENDENCE-RESPONDENT",60,1,0.95,0.0281365716935569,0.000866750719776423,0.013016368182299,0.057470632323204,0.057463787699415,0.0146277056550145,0
"P14-C014",50,0.17,"informative","weak","regular","V4-CMP-MOKKEN-TWOLEVEL-DELTA-v1","V4-TARGET-RESPONDENT-WEIGHTED-v1",60,1,1,0,0.000866750719777527,0.0130163681823011,0.0731876471301876,0.0726799031845836,0.0186706612232374,0
"P14-C014",50,0.17,"informative","weak","regular","V4-CMP-ONE-STAGE-CLUSTER-BB-RESP-v1","V4-TARGET-RESPONDENT-WEIGHTED-v1",60,1,0.966666666666667,0.0231740595717936,0.000866750719776423,0.013016368182299,0.0556189106814883,0.0551242822395727,0.0140876640406079,0
"P14-C014",50,0.17,"informative","weak","regular","V4-CMP-TWO-STAGE-FREQ-BOOT-RESP-v1","V4-TARGET-RESPONDENT-WEIGHTED-v1",60,1,1,0,0.000866750719776423,0.013016368182299,0.0793342620018919,0.0797563875117438,0.0202088431534811,0
"P14-C014",50,0.17,"informative","weak","regular","V4-PRI-TWO-STAGE-HBB-RESP-v1","V4-TARGET-RESPONDENT-WEIGHTED-v1",60,1,1,0,0.000866750719776423,0.013016368182299,0.093970184158704,0.093126834673262,0.0237613949696885,0
"P14-C014",50,0.17,"informative","weak","regular","V4-SENS-TWO-STAGE-HBB-CLUSTER-v1","V4-TARGET-EQUAL-CLUSTER-v1",60,1,1,0,0.00159047135091287,0.0149991021434592,0.0983986137299062,0.098121719567639,0.0249980253693031,0
"P14-C015",50,0.3,"balanced","medium","near_knot","V4-CMP-IID-RESP-BB-v1","WORKING-INDEPENDENCE-RESPONDENT",60,1,0.866666666666667,0.0438853725736255,-0.000615806816980914,0.018997835288211,0.0625757998473122,0.0627569471761386,0.0157513611185164,0
"P14-C015",50,0.3,"balanced","medium","near_knot","V4-CMP-MOKKEN-TWOLEVEL-DELTA-v1","V4-TARGET-RESPONDENT-WEIGHTED-v1",60,1,0.983333333333333,0.016527194200715,-0.000615806816992017,0.0189978352882119,0.0946972058206545,0.0959228037047269,0.0241578943714308,0
"P14-C015",50,0.3,"balanced","medium","near_knot","V4-CMP-ONE-STAGE-CLUSTER-BB-RESP-v1","V4-TARGET-RESPONDENT-WEIGHTED-v1",60,1,0.9,0.0387298334620742,-0.000615806816980914,0.018997835288211,0.0726371516149738,0.0748063251684432,0.0184044088110931,0
"P14-C015",50,0.3,"balanced","medium","near_knot","V4-CMP-TWO-STAGE-FREQ-BOOT-RESP-v1","V4-TARGET-RESPONDENT-WEIGHTED-v1",60,1,0.983333333333333,0.016527194200715,-0.000615806816980914,0.018997835288211,0.0951421314916671,0.0957900860472113,0.0241221879802813,0
"P14-C015",50,0.3,"balanced","medium","near_knot","V4-PRI-TWO-STAGE-HBB-RESP-v1","V4-TARGET-RESPONDENT-WEIGHTED-v1",60,1,1,0,-0.000615806816980914,0.018997835288211,0.108447177639499,0.108351055314031,0.0275897616080957,0
"P14-C015",50,0.3,"balanced","medium","near_knot","V4-SENS-TWO-STAGE-HBB-CLUSTER-v1","V4-TARGET-EQUAL-CLUSTER-v1",60,1,1,0,-0.000615806816980914,0.018997835288211,0.109852523404358,0.109184715046713,0.0277752671415838,0
"P14-C016",50,0.05,"informative","medium","exact_knot","V4-CMP-IID-RESP-BB-v1","WORKING-INDEPENDENCE-RESPONDENT",60,1,0.916666666666667,0.0356812016074031,0.00658358893712965,0.0185904239426242,0.065725468155669,0.0654509416512561,0.0167638207231088,0
"P14-C016",50,0.05,"informative","medium","exact_knot","V4-CMP-MOKKEN-TWOLEVEL-DELTA-v1","V4-TARGET-RESPONDENT-WEIGHTED-v1",60,1,0.983333333333333,0.016527194200715,0.00658358893712747,0.0185904239426218,0.0844843706638916,0.0843734615445683,0.021552531406264,0
"P14-C016",50,0.05,"informative","medium","exact_knot","V4-CMP-ONE-STAGE-CLUSTER-BB-RESP-v1","V4-TARGET-RESPONDENT-WEIGHTED-v1",60,1,0.883333333333333,0.0414438486701295,0.00658358893712965,0.0185904239426242,0.0651266541010095,0.0657025574950515,0.016428336999956,0
"P14-C016",50,0.05,"informative","medium","exact_knot","V4-CMP-TWO-STAGE-FREQ-BOOT-RESP-v1","V4-TARGET-RESPONDENT-WEIGHTED-v1",60,1,1,0,0.00658358893712965,0.0185904239426242,0.0917036337990339,0.0896280577283699,0.023221644374672,0
"P14-C016",50,0.05,"informative","medium","exact_knot","V4-PRI-TWO-STAGE-HBB-RESP-v1","V4-TARGET-RESPONDENT-WEIGHTED-v1",60,1,1,0,0.00658358893712965,0.0185904239426242,0.109137920804061,0.108189386726773,0.0276875351495761,0
"P14-C016",50,0.05,"informative","medium","exact_knot","V4-SENS-TWO-STAGE-HBB-CLUSTER-v1","V4-TARGET-EQUAL-CLUSTER-v1",60,1,1,0,0.00652691176931912,0.0195437004730802,0.114529958160097,0.115608763832242,0.02878756227354,0
"P14-C017",50,0.17,"balanced","strong","near_knot","V4-CMP-IID-RESP-BB-v1","WORKING-INDEPENDENCE-RESPONDENT",60,1,0.883333333333333,0.0414438486701295,0.000501004093990979,0.0202755334009371,0.0636130076840096,0.0633814948579328,0.0161833074744747,0
"P14-C017",50,0.17,"balanced","strong","near_knot","V4-CMP-MOKKEN-TWOLEVEL-DELTA-v1","V4-TARGET-RESPONDENT-WEIGHTED-v1",60,1,0.966666666666667,0.0231740595717936,0.000501004093985468,0.0202755334009381,0.0919849703287987,0.0923276882180467,0.0234659848482841,0
"P14-C017",50,0.17,"balanced","strong","near_knot","V4-CMP-ONE-STAGE-CLUSTER-BB-RESP-v1","V4-TARGET-RESPONDENT-WEIGHTED-v1",60,1,0.916666666666667,0.0356812016074031,0.000501004093990979,0.0202755334009371,0.0683275075962927,0.0677593766316839,0.0172195816675037,0
"P14-C017",50,0.17,"balanced","strong","near_knot","V4-CMP-TWO-STAGE-FREQ-BOOT-RESP-v1","V4-TARGET-RESPONDENT-WEIGHTED-v1",60,1,0.933333333333333,0.0322030594359765,0.000501004093990979,0.0202755334009371,0.0924983058201787,0.0926302708058444,0.0235192401907127,0
"P14-C017",50,0.17,"balanced","strong","near_knot","V4-PRI-TWO-STAGE-HBB-RESP-v1","V4-TARGET-RESPONDENT-WEIGHTED-v1",60,1,1,0,0.000501004093990979,0.0202755334009371,0.108284462178643,0.108355892163093,0.0273289331316251,0
"P14-C017",50,0.17,"balanced","strong","near_knot","V4-SENS-TWO-STAGE-HBB-CLUSTER-v1","V4-TARGET-EQUAL-CLUSTER-v1",60,1,0.983333333333333,0.016527194200715,0.000501004093990979,0.0202755334009371,0.107495300273877,0.107356263361035,0.0273900803123576,0
"P14-C018",50,0.3,"swmdk_like","weak","regular","V4-CMP-IID-RESP-BB-v1","WORKING-INDEPENDENCE-RESPONDENT",60,1,0.933333333333333,0.0322030594359765,-0.000907491287351924,0.0146637463746728,0.0513555122149286,0.0509949880043386,0.0129571540728263,0
"P14-C018",50,0.3,"swmdk_like","weak","regular","V4-CMP-MOKKEN-TWOLEVEL-DELTA-v1","V4-TARGET-RESPONDENT-WEIGHTED-v1",60,1,0.983333333333333,0.016527194200715,-0.000907491287354565,0.0146637463746703,0.0643161143541966,0.0647243431697754,0.016407473520308,0
"P14-C018",50,0.3,"swmdk_like","weak","regular","V4-CMP-ONE-STAGE-CLUSTER-BB-RESP-v1","V4-TARGET-RESPONDENT-WEIGHTED-v1",60,1,0.933333333333333,0.0322030594359765,-0.000907491287351924,0.0146637463746728,0.0536259861141918,0.0528110580687934,0.0135167672049252,0
"P14-C018",50,0.3,"swmdk_like","weak","regular","V4-CMP-TWO-STAGE-FREQ-BOOT-RESP-v1","V4-TARGET-RESPONDENT-WEIGHTED-v1",60,1,1,0,-0.000907491287351924,0.0146637463746728,0.0743317427288264,0.0743392888366742,0.0187234043369449,0
"P14-C018",50,0.3,"swmdk_like","weak","regular","V4-PRI-TWO-STAGE-HBB-RESP-v1","V4-TARGET-RESPONDENT-WEIGHTED-v1",60,1,1,0,-0.000907491287351924,0.0146637463746728,0.0845873127585842,0.0850429208894355,0.0216608351132068,0
"P14-C018",50,0.3,"swmdk_like","weak","regular","V4-SENS-TWO-STAGE-HBB-CLUSTER-v1","V4-TARGET-EQUAL-CLUSTER-v1",60,1,1,0,-0.000486283532915891,0.0164662107388171,0.0924473785242045,0.0910221271578541,0.0234563399752972,0
