exhibit_id,panel,generator,x_var,y_var,source_tier,source_file,nominal,direction_code,check_id,claim_direction
fig1_concept,,exhibits/01_fig1_concept.R,H,density,empirical,"aws-raw/P17-T01-draws-v1.csv.gz; results/v4-phase17-method-summary-v1.csv; live mokken::SWMDK",,tightens,B_INTERVAL_TIGHTENS,"99,999 HBB draws; the calibrated interval is narrower than raw"
fig2_design,,exhibits/02_fig2_design.R,G,latent_icc,confirmatory,v4-phase16-confirmation-design-v1.csv,,descriptive,B_DESIGN_SHAPE,"24 confirmation cells"
fig3_coverage,a,exhibits/03_fig3_coverage.R,coverage,method,confirmatory,"v4-phase16-confirmation-lane-summary-v1.csv; v4-phase16-confirmation-overall-summary-v1.csv; v4-phase16-confirmation-comparator-summary-v1.csv",0.95,separate_targets,B_TARGETS_SEPARATE,"coverage by lane and method; both population targets shown separately"
fig3_coverage,b,exhibits/03_fig3_coverage.R,mean_interval_length,coverage,confirmatory,"v4-phase16-confirmation-lane-summary-v1.csv; v4-phase16-confirmation-overall-summary-v1.csv; v4-phase16-confirmation-comparator-summary-v1.csv",0.95,tightens,B_INTERVAL_TIGHTENS,"regular-lane length-versus-coverage frontier"
fig4_calibration,a,exhibits/04_fig4_calibration.R,gamma_cluster,"coverage;mean_interval_length",development,v4-phase15-training-candidate-decisions-v1.csv,0.95,tightens,B_GAMMA_PATH,"more-negative gamma shortens the trained interval; -1.5 is selected"
fig4_calibration,b,exhibits/04_fig4_calibration.R,subgroup,coverage,confirmatory,v4-phase16-confirmation-subgroup-summary-v1.csv,0.95,increases_with_G,B_FACTOR_INCREASES_WITH_G,"for fixed negative gamma the multiplier k_G increases toward 1 as G increases"
fig5_swmdk,,exhibits/05_fig5_swmdk.R,target,H,empirical,"results/v4-phase17-method-summary-v1.csv; results/v4-phase17-category-profile-v1.csv; live mokken::SWMDK",,separate_targets,B_TARGETS_SEPARATE,"both population targets reported; equal-cluster differs from respondent-weighted"
FigF1_cells,,exhibits/08_osm_figures.R,cell,coverage,confirmatory-raw,"outputs/derived_p16_allcell_summary.csv; ../confirmatory/v4-phase16-confirmation-design-v1.csv",0.95,separate_targets,B_ALL_CELLS,"all 48 cell-target rows at 400 replications each"
FigG1_splithalf,,exhibits/08_osm_figures.R,half,H,empirical,results/v4-phase17-quantile-stability-v1.csv,,stable,B_SPLIT_STABLE,"two split halves with maximum discrepancy below 9e-4"
