path,classification,governing_license
.gitattributes,package-infrastructure,MIT
.gitignore,package-infrastructure,MIT
.replication-root,package-infrastructure,MIT
00_setup.R,code,MIT
CITATION.cff,documentation-or-metadata,CC-BY-4.0
DATA_ACCESS.md,documentation-or-metadata,CC-BY-4.0
DESCRIPTION,package-infrastructure,MIT
LICENSE,package-infrastructure,MIT
LICENSE-DATA,documentation-or-metadata,CC-BY-4.0
LICENSE-SCOPE.md,documentation-or-metadata,CC-BY-4.0
README.md,documentation-or-metadata,CC-BY-4.0
bayesmokken-clustered-polytomous-replication.Rproj,package-infrastructure,MIT
common/R/io.R,code,MIT
common/R/paths.R,code,MIT
config.yml,package-infrastructure,MIT
data-frozen/CODEBOOK.md,frozen-evidence,CC-BY-4.0
data-frozen/confirmatory-raw/P16-C001-receipt-v1.json,frozen-evidence,CC-BY-4.0
data-frozen/confirmatory-raw/P16-C001-replications-v1.csv.gz,frozen-evidence,CC-BY-4.0
data-frozen/confirmatory-raw/P16-C001-truth-v1.csv,frozen-evidence,CC-BY-4.0
data-frozen/confirmatory-raw/P16-C002-receipt-v1.json,frozen-evidence,CC-BY-4.0
data-frozen/confirmatory-raw/P16-C002-replications-v1.csv.gz,frozen-evidence,CC-BY-4.0
data-frozen/confirmatory-raw/P16-C002-truth-v1.csv,frozen-evidence,CC-BY-4.0
data-frozen/confirmatory-raw/P16-C003-receipt-v1.json,frozen-evidence,CC-BY-4.0
data-frozen/confirmatory-raw/P16-C003-replications-v1.csv.gz,frozen-evidence,CC-BY-4.0
data-frozen/confirmatory-raw/P16-C003-truth-v1.csv,frozen-evidence,CC-BY-4.0
data-frozen/confirmatory-raw/P16-C004-receipt-v1.json,frozen-evidence,CC-BY-4.0
data-frozen/confirmatory-raw/P16-C004-replications-v1.csv.gz,frozen-evidence,CC-BY-4.0
data-frozen/confirmatory-raw/P16-C004-truth-v1.csv,frozen-evidence,CC-BY-4.0
data-frozen/confirmatory-raw/P16-C005-receipt-v1.json,frozen-evidence,CC-BY-4.0
data-frozen/confirmatory-raw/P16-C005-replications-v1.csv.gz,frozen-evidence,CC-BY-4.0
data-frozen/confirmatory-raw/P16-C005-truth-v1.csv,frozen-evidence,CC-BY-4.0
data-frozen/confirmatory-raw/P16-C006-receipt-v1.json,frozen-evidence,CC-BY-4.0
data-frozen/confirmatory-raw/P16-C006-replications-v1.csv.gz,frozen-evidence,CC-BY-4.0
data-frozen/confirmatory-raw/P16-C006-truth-v1.csv,frozen-evidence,CC-BY-4.0
data-frozen/confirmatory-raw/P16-C007-receipt-v1.json,frozen-evidence,CC-BY-4.0
data-frozen/confirmatory-raw/P16-C007-replications-v1.csv.gz,frozen-evidence,CC-BY-4.0
data-frozen/confirmatory-raw/P16-C007-truth-v1.csv,frozen-evidence,CC-BY-4.0
data-frozen/confirmatory-raw/P16-C008-receipt-v1.json,frozen-evidence,CC-BY-4.0
data-frozen/confirmatory-raw/P16-C008-replications-v1.csv.gz,frozen-evidence,CC-BY-4.0
data-frozen/confirmatory-raw/P16-C008-truth-v1.csv,frozen-evidence,CC-BY-4.0
data-frozen/confirmatory-raw/P16-C009-receipt-v1.json,frozen-evidence,CC-BY-4.0
data-frozen/confirmatory-raw/P16-C009-replications-v1.csv.gz,frozen-evidence,CC-BY-4.0
data-frozen/confirmatory-raw/P16-C009-truth-v1.csv,frozen-evidence,CC-BY-4.0
data-frozen/confirmatory-raw/P16-C010-receipt-v1.json,frozen-evidence,CC-BY-4.0
data-frozen/confirmatory-raw/P16-C010-replications-v1.csv.gz,frozen-evidence,CC-BY-4.0
data-frozen/confirmatory-raw/P16-C010-truth-v1.csv,frozen-evidence,CC-BY-4.0
data-frozen/confirmatory-raw/P16-C011-receipt-v1.json,frozen-evidence,CC-BY-4.0
data-frozen/confirmatory-raw/P16-C011-replications-v1.csv.gz,frozen-evidence,CC-BY-4.0
data-frozen/confirmatory-raw/P16-C011-truth-v1.csv,frozen-evidence,CC-BY-4.0
data-frozen/confirmatory-raw/P16-C012-receipt-v1.json,frozen-evidence,CC-BY-4.0
data-frozen/confirmatory-raw/P16-C012-replications-v1.csv.gz,frozen-evidence,CC-BY-4.0
data-frozen/confirmatory-raw/P16-C012-truth-v1.csv,frozen-evidence,CC-BY-4.0
data-frozen/confirmatory-raw/P16-C013-receipt-v1.json,frozen-evidence,CC-BY-4.0
data-frozen/confirmatory-raw/P16-C013-replications-v1.csv.gz,frozen-evidence,CC-BY-4.0
data-frozen/confirmatory-raw/P16-C013-truth-v1.csv,frozen-evidence,CC-BY-4.0
data-frozen/confirmatory-raw/P16-C014-receipt-v1.json,frozen-evidence,CC-BY-4.0
data-frozen/confirmatory-raw/P16-C014-replications-v1.csv.gz,frozen-evidence,CC-BY-4.0
data-frozen/confirmatory-raw/P16-C014-truth-v1.csv,frozen-evidence,CC-BY-4.0
data-frozen/confirmatory-raw/P16-C015-receipt-v1.json,frozen-evidence,CC-BY-4.0
data-frozen/confirmatory-raw/P16-C015-replications-v1.csv.gz,frozen-evidence,CC-BY-4.0
data-frozen/confirmatory-raw/P16-C015-truth-v1.csv,frozen-evidence,CC-BY-4.0
data-frozen/confirmatory-raw/P16-C016-receipt-v1.json,frozen-evidence,CC-BY-4.0
data-frozen/confirmatory-raw/P16-C016-replications-v1.csv.gz,frozen-evidence,CC-BY-4.0
data-frozen/confirmatory-raw/P16-C016-truth-v1.csv,frozen-evidence,CC-BY-4.0
data-frozen/confirmatory-raw/P16-C017-receipt-v1.json,frozen-evidence,CC-BY-4.0
data-frozen/confirmatory-raw/P16-C017-replications-v1.csv.gz,frozen-evidence,CC-BY-4.0
data-frozen/confirmatory-raw/P16-C017-truth-v1.csv,frozen-evidence,CC-BY-4.0
data-frozen/confirmatory-raw/P16-C018-receipt-v1.json,frozen-evidence,CC-BY-4.0
data-frozen/confirmatory-raw/P16-C018-replications-v1.csv.gz,frozen-evidence,CC-BY-4.0
data-frozen/confirmatory-raw/P16-C018-truth-v1.csv,frozen-evidence,CC-BY-4.0
data-frozen/confirmatory-raw/P16-C019-receipt-v1.json,frozen-evidence,CC-BY-4.0
data-frozen/confirmatory-raw/P16-C019-replications-v1.csv.gz,frozen-evidence,CC-BY-4.0
data-frozen/confirmatory-raw/P16-C019-truth-v1.csv,frozen-evidence,CC-BY-4.0
data-frozen/confirmatory-raw/P16-C020-receipt-v1.json,frozen-evidence,CC-BY-4.0
data-frozen/confirmatory-raw/P16-C020-replications-v1.csv.gz,frozen-evidence,CC-BY-4.0
data-frozen/confirmatory-raw/P16-C020-truth-v1.csv,frozen-evidence,CC-BY-4.0
data-frozen/confirmatory-raw/P16-C021-receipt-v1.json,frozen-evidence,CC-BY-4.0
data-frozen/confirmatory-raw/P16-C021-replications-v1.csv.gz,frozen-evidence,CC-BY-4.0
data-frozen/confirmatory-raw/P16-C021-truth-v1.csv,frozen-evidence,CC-BY-4.0
data-frozen/confirmatory-raw/P16-C022-receipt-v1.json,frozen-evidence,CC-BY-4.0
data-frozen/confirmatory-raw/P16-C022-replications-v1.csv.gz,frozen-evidence,CC-BY-4.0
data-frozen/confirmatory-raw/P16-C022-truth-v1.csv,frozen-evidence,CC-BY-4.0
data-frozen/confirmatory-raw/P16-C023-receipt-v1.json,frozen-evidence,CC-BY-4.0
data-frozen/confirmatory-raw/P16-C023-replications-v1.csv.gz,frozen-evidence,CC-BY-4.0
data-frozen/confirmatory-raw/P16-C023-truth-v1.csv,frozen-evidence,CC-BY-4.0
data-frozen/confirmatory-raw/P16-C024-receipt-v1.json,frozen-evidence,CC-BY-4.0
data-frozen/confirmatory-raw/P16-C024-replications-v1.csv.gz,frozen-evidence,CC-BY-4.0
data-frozen/confirmatory-raw/P16-C024-truth-v1.csv,frozen-evidence,CC-BY-4.0
data-frozen/confirmatory/v4-phase16-aws-execution-receipt-v1.json,frozen-evidence,CC-BY-4.0
data-frozen/confirmatory/v4-phase16-confirmation-cell-summary-v1.csv,frozen-evidence,CC-BY-4.0
data-frozen/confirmatory/v4-phase16-confirmation-comparator-summary-v1.csv,frozen-evidence,CC-BY-4.0
data-frozen/confirmatory/v4-phase16-confirmation-decision-v1.json,frozen-evidence,CC-BY-4.0
data-frozen/confirmatory/v4-phase16-confirmation-design-v1.csv,frozen-evidence,CC-BY-4.0
data-frozen/confirmatory/v4-phase16-confirmation-gate-checks-v1.csv,frozen-evidence,CC-BY-4.0
data-frozen/confirmatory/v4-phase16-confirmation-gate-evidence-v1.csv,frozen-evidence,CC-BY-4.0
data-frozen/confirmatory/v4-phase16-confirmation-lane-summary-v1.csv,frozen-evidence,CC-BY-4.0
data-frozen/confirmatory/v4-phase16-confirmation-overall-summary-v1.csv,frozen-evidence,CC-BY-4.0
data-frozen/confirmatory/v4-phase16-confirmation-protocol-v1.yml,frozen-evidence,CC-BY-4.0
data-frozen/confirmatory/v4-phase16-confirmation-raw-manifest-v1.csv,frozen-evidence,CC-BY-4.0
data-frozen/confirmatory/v4-phase16-confirmation-subgroup-summary-v1.csv,frozen-evidence,CC-BY-4.0
data-frozen/confirmatory/v4-phase16-evidence-manifest-v1.csv,frozen-evidence,CC-BY-4.0
data-frozen/confirmatory/v4-phase16-final-closure-checks-v1.csv,frozen-evidence,CC-BY-4.0
data-frozen/confirmatory/v4-phase16-final-closure-receipt-v1.json,frozen-evidence,CC-BY-4.0
data-frozen/confirmatory/v4-phase16-fresh-confirmation-authority-v1.json,frozen-evidence,CC-BY-4.0
data-frozen/confirmatory/v4-phase16-key-metrics-v1.json,frozen-evidence,CC-BY-4.0
data-frozen/confirmatory/v4-phase16-protocol-ready-checks-v1.csv,frozen-evidence,CC-BY-4.0
data-frozen/confirmatory/v4-phase16-protocol-ready-receipt-v1.json,frozen-evidence,CC-BY-4.0
data-frozen/design/build-phase14-protocol-lock-v1.R,code,MIT
data-frozen/design/build-phase15-protocol-lock-v1.R,code,MIT
data-frozen/design/v4-estimand-and-sampling-contract-v1.yml,frozen-evidence,CC-BY-4.0
data-frozen/design/v4-g14-decision-receipt-v1.json,frozen-evidence,CC-BY-4.0
data-frozen/design/v4-original-source-crosswalk-schedule-v1.json,frozen-evidence,CC-BY-4.0
data-frozen/design/v4-phase14-feasibility-protocol-v1.yml,frozen-evidence,CC-BY-4.0
data-frozen/design/v4-phase14-pilot-design-v1.csv,frozen-evidence,CC-BY-4.0
data-frozen/design/v4-phase14-protocol-lock-receipt-v1.json,frozen-evidence,CC-BY-4.0
data-frozen/design/v4-phase15-development-validation-protocol-v1.yml,frozen-evidence,CC-BY-4.0
data-frozen/design/v4-phase15-protocol-lock-receipt-v1.json,frozen-evidence,CC-BY-4.0
data-frozen/design/v4-phase15-training-design-v1.csv,frozen-evidence,CC-BY-4.0
data-frozen/design/v4-phase15-validation-design-v1.csv,frozen-evidence,CC-BY-4.0
data-frozen/design/v4-weight-law-specification-v1.yml,frozen-evidence,CC-BY-4.0
data-frozen/development/v4-phase15-training-candidate-decisions-v1.csv,frozen-evidence,CC-BY-4.0
data-frozen/development/v4-phase15-training-candidate-summary-v1.csv,frozen-evidence,CC-BY-4.0
data-frozen/development/v4-phase15-training-method-lock-v1.json,frozen-evidence,CC-BY-4.0
data-frozen/development/v4-phase15-training-raw-manifest-v1.csv,frozen-evidence,CC-BY-4.0
data-frozen/development/v4-phase15-training-subgroup-summary-v1.csv,frozen-evidence,CC-BY-4.0
data-frozen/empirical/artifacts/v4-g17-decision-receipt-v1.json,frozen-evidence,CC-BY-4.0
data-frozen/empirical/artifacts/v4-g17-gate-criteria-v1.csv,frozen-evidence,CC-BY-4.0
data-frozen/empirical/artifacts/v4-phase17-aws-execution-receipt-v1.json,frozen-evidence,CC-BY-4.0
data-frozen/empirical/artifacts/v4-phase17-evidence-manifest-v1.csv,frozen-evidence,CC-BY-4.0
data-frozen/empirical/artifacts/v4-phase17-final-closure-checks-v1.csv,frozen-evidence,CC-BY-4.0
data-frozen/empirical/artifacts/v4-phase17-final-closure-receipt-v1.json,frozen-evidence,CC-BY-4.0
data-frozen/empirical/artifacts/v4-phase17-final-evidence-manifest-v1.csv,frozen-evidence,CC-BY-4.0
data-frozen/empirical/artifacts/v4-phase17-key-metrics-v1.json,frozen-evidence,CC-BY-4.0
data-frozen/empirical/artifacts/v4-phase17-raw-manifest-v1.csv,frozen-evidence,CC-BY-4.0
data-frozen/empirical/artifacts/v4-phase17-test-receipt-v1.json,frozen-evidence,CC-BY-4.0
data-frozen/empirical/aws-raw/P17-T01-batch-manifest-v1.csv,frozen-evidence,CC-BY-4.0
data-frozen/empirical/aws-raw/P17-T01-draws-v1.csv.gz,frozen-evidence,CC-BY-4.0
data-frozen/empirical/aws-raw/P17-T01-receipt-v1.json,frozen-evidence,CC-BY-4.0
data-frozen/empirical/aws-raw/P17-T02-batch-manifest-v1.csv,frozen-evidence,CC-BY-4.0
data-frozen/empirical/aws-raw/P17-T02-draws-v1.csv.gz,frozen-evidence,CC-BY-4.0
data-frozen/empirical/aws-raw/P17-T02-receipt-v1.json,frozen-evidence,CC-BY-4.0
data-frozen/empirical/aws-raw/P17-T03-batch-manifest-v1.csv,frozen-evidence,CC-BY-4.0
data-frozen/empirical/aws-raw/P17-T03-draws-v1.csv.gz,frozen-evidence,CC-BY-4.0
data-frozen/empirical/aws-raw/P17-T03-receipt-v1.json,frozen-evidence,CC-BY-4.0
data-frozen/empirical/aws-raw/P17-T04-batch-manifest-v1.csv,frozen-evidence,CC-BY-4.0
data-frozen/empirical/aws-raw/P17-T04-draws-v1.csv.gz,frozen-evidence,CC-BY-4.0
data-frozen/empirical/aws-raw/P17-T04-receipt-v1.json,frozen-evidence,CC-BY-4.0
data-frozen/empirical/aws-raw/P17-T05-batch-manifest-v1.csv,frozen-evidence,CC-BY-4.0
data-frozen/empirical/aws-raw/P17-T05-draws-v1.csv.gz,frozen-evidence,CC-BY-4.0
data-frozen/empirical/aws-raw/P17-T05-receipt-v1.json,frozen-evidence,CC-BY-4.0
data-frozen/empirical/aws-raw/P17-T06-batch-manifest-v1.csv,frozen-evidence,CC-BY-4.0
data-frozen/empirical/aws-raw/P17-T06-draws-v1.csv.gz,frozen-evidence,CC-BY-4.0
data-frozen/empirical/aws-raw/P17-T06-receipt-v1.json,frozen-evidence,CC-BY-4.0
data-frozen/empirical/aws-raw/P17-T07-batch-manifest-v1.csv,frozen-evidence,CC-BY-4.0
data-frozen/empirical/aws-raw/P17-T07-draws-v1.csv.gz,frozen-evidence,CC-BY-4.0
data-frozen/empirical/aws-raw/P17-T07-receipt-v1.json,frozen-evidence,CC-BY-4.0
data-frozen/empirical/aws-raw/P17-T08-batch-manifest-v1.csv,frozen-evidence,CC-BY-4.0
data-frozen/empirical/aws-raw/P17-T08-draws-v1.csv.gz,frozen-evidence,CC-BY-4.0
data-frozen/empirical/aws-raw/P17-T08-receipt-v1.json,frozen-evidence,CC-BY-4.0
data-frozen/empirical/aws-raw/P17-T09-batch-manifest-v1.csv,frozen-evidence,CC-BY-4.0
data-frozen/empirical/aws-raw/P17-T09-draws-v1.csv.gz,frozen-evidence,CC-BY-4.0
data-frozen/empirical/aws-raw/P17-T09-receipt-v1.json,frozen-evidence,CC-BY-4.0
data-frozen/empirical/aws-raw/P17-T10-batch-manifest-v1.csv,frozen-evidence,CC-BY-4.0
data-frozen/empirical/aws-raw/P17-T10-draws-v1.csv.gz,frozen-evidence,CC-BY-4.0
data-frozen/empirical/aws-raw/P17-T10-receipt-v1.json,frozen-evidence,CC-BY-4.0
data-frozen/empirical/aws-raw/P17-T11-batch-manifest-v1.csv,frozen-evidence,CC-BY-4.0
data-frozen/empirical/aws-raw/P17-T11-draws-v1.csv.gz,frozen-evidence,CC-BY-4.0
data-frozen/empirical/aws-raw/P17-T11-receipt-v1.json,frozen-evidence,CC-BY-4.0
data-frozen/empirical/aws-raw/P17-T12-batch-manifest-v1.csv,frozen-evidence,CC-BY-4.0
data-frozen/empirical/aws-raw/P17-T12-draws-v1.csv.gz,frozen-evidence,CC-BY-4.0
data-frozen/empirical/aws-raw/P17-T12-receipt-v1.json,frozen-evidence,CC-BY-4.0
data-frozen/empirical/results/v4-phase17-category-profile-v1.csv,frozen-evidence,CC-BY-4.0
data-frozen/empirical/results/v4-phase17-data-profile-v1.csv,frozen-evidence,CC-BY-4.0
data-frozen/empirical/results/v4-phase17-icc-summary-v1.csv,frozen-evidence,CC-BY-4.0
data-frozen/empirical/results/v4-phase17-method-summary-v1.csv,frozen-evidence,CC-BY-4.0
data-frozen/empirical/results/v4-phase17-quantile-stability-v1.csv,frozen-evidence,CC-BY-4.0
data-frozen/empirical/results/v4-phase17-target-knot-diagnostics-v1.csv,frozen-evidence,CC-BY-4.0
data-frozen/phase18/production/v4-g18b-final-decision-receipt-v1.json,frozen-evidence,CC-BY-4.0
data-frozen/phase18/production/v4-g18b-final-evidence-manifest-v1.csv,frozen-evidence,CC-BY-4.0
data-frozen/phase18/production/v4-step18-2-package-metrics-v1.json,frozen-evidence,CC-BY-4.0
data-frozen/phase18/production/v4-step18-2-reference-objects-v1.rds,frozen-evidence,CC-BY-4.0
data-frozen/phase18/production/v4-step18-2-session-info-v1.txt,frozen-evidence,CC-BY-4.0
data-frozen/phase18/review/v4-andreadis-file-line-crosswalk-v1.csv,frozen-evidence,CC-BY-4.0
data-frozen/phase18/review/v4-g18a-final-decision-receipt-v1.json,frozen-evidence,CC-BY-4.0
data-frozen/phase18/review/v4-g18a-gate-criteria-v1.csv,frozen-evidence,CC-BY-4.0
data-frozen/phase18/review/v4-molenaar-page-crosswalk-v1.csv,frozen-evidence,CC-BY-4.0
data-frozen/phase18/review/v4-phase18-claim-eligibility-v1.csv,frozen-evidence,CC-BY-4.0
data-frozen/phase18/review/v4-phase18-final-evidence-manifest-v1.csv,frozen-evidence,CC-BY-4.0
data-frozen/phase18/review/v4-phase18-formula-assumption-bridge-v1.csv,frozen-evidence,CC-BY-4.0
data-frozen/phase18/review/v4-phase18-paper-architecture-score-v1.csv,frozen-evidence,CC-BY-4.0
data-frozen/phase18/review/v4-phase18-review-metrics-v1.json,frozen-evidence,CC-BY-4.0
data-frozen/phase18/review/v4-phase18-review-test-results-v1.csv,frozen-evidence,CC-BY-4.0
data-frozen/phase18/review/v4-phase18-source-artifact-register-v1.csv,frozen-evidence,CC-BY-4.0
data-frozen/phase18/review/v4-rueschendorf-page-crosswalk-v1.csv,frozen-evidence,CC-BY-4.0
data-frozen/pilot/checkpoints/P14-C001-replications.csv,frozen-evidence,CC-BY-4.0
data-frozen/pilot/checkpoints/P14-C002-replications.csv,frozen-evidence,CC-BY-4.0
data-frozen/pilot/checkpoints/P14-C003-replications.csv,frozen-evidence,CC-BY-4.0
data-frozen/pilot/checkpoints/P14-C004-replications.csv,frozen-evidence,CC-BY-4.0
data-frozen/pilot/checkpoints/P14-C005-replications.csv,frozen-evidence,CC-BY-4.0
data-frozen/pilot/checkpoints/P14-C006-replications.csv,frozen-evidence,CC-BY-4.0
data-frozen/pilot/checkpoints/P14-C007-replications.csv,frozen-evidence,CC-BY-4.0
data-frozen/pilot/checkpoints/P14-C008-replications.csv,frozen-evidence,CC-BY-4.0
data-frozen/pilot/checkpoints/P14-C009-replications.csv,frozen-evidence,CC-BY-4.0
data-frozen/pilot/checkpoints/P14-C010-replications.csv,frozen-evidence,CC-BY-4.0
data-frozen/pilot/checkpoints/P14-C011-replications.csv,frozen-evidence,CC-BY-4.0
data-frozen/pilot/checkpoints/P14-C012-replications.csv,frozen-evidence,CC-BY-4.0
data-frozen/pilot/checkpoints/P14-C013-replications.csv,frozen-evidence,CC-BY-4.0
data-frozen/pilot/checkpoints/P14-C014-replications.csv,frozen-evidence,CC-BY-4.0
data-frozen/pilot/checkpoints/P14-C015-replications.csv,frozen-evidence,CC-BY-4.0
data-frozen/pilot/checkpoints/P14-C016-replications.csv,frozen-evidence,CC-BY-4.0
data-frozen/pilot/checkpoints/P14-C017-replications.csv,frozen-evidence,CC-BY-4.0
data-frozen/pilot/checkpoints/P14-C018-replications.csv,frozen-evidence,CC-BY-4.0
data-frozen/pilot/v4-phase14-pilot-aggregate-summary-v1.csv,frozen-evidence,CC-BY-4.0
data-frozen/pilot/v4-phase14-pilot-cell-summary-v1.csv,frozen-evidence,CC-BY-4.0
data-frozen/pilot/v4-phase14-pilot-receipt-v1.json,frozen-evidence,CC-BY-4.0
data-frozen/pilot/v4-phase14-pilot-replications-v1.csv,frozen-evidence,CC-BY-4.0
data-frozen/pilot/v4-phase14-pilot-truth-v1.csv,frozen-evidence,CC-BY-4.0
data-frozen/validation/v4-phase15-final-method-lock-v1.json,frozen-evidence,CC-BY-4.0
data-frozen/validation/v4-phase15-validation-cell-summary-v1.csv,frozen-evidence,CC-BY-4.0
data-frozen/validation/v4-phase15-validation-gate-checks-v1.csv,frozen-evidence,CC-BY-4.0
data-frozen/validation/v4-phase15-validation-overall-summary-v1.csv,frozen-evidence,CC-BY-4.0
data-frozen/validation/v4-phase15-validation-raw-manifest-v1.csv,frozen-evidence,CC-BY-4.0
data-frozen/validation/v4-phase15-validation-subgroup-summary-v1.csv,frozen-evidence,CC-BY-4.0
docs/01-overview.qmd,replication-guide,CC-BY-4.0
docs/02-getting-started.qmd,replication-guide,CC-BY-4.0
docs/03-data.qmd,replication-guide,CC-BY-4.0
docs/04-method-notes.qmd,replication-guide,CC-BY-4.0
docs/05-pipeline.qmd,replication-guide,CC-BY-4.0
docs/06-exhibits.qmd,replication-guide,CC-BY-4.0
docs/07-empirical.qmd,replication-guide,CC-BY-4.0
docs/08-governance.qmd,replication-guide,CC-BY-4.0
docs/09-reproducibility.qmd,replication-guide,CC-BY-4.0
docs/10-artifact-index.qmd,replication-guide,CC-BY-4.0
docs/_book/01-overview.html,replication-guide,CC-BY-4.0
docs/_book/02-getting-started.html,replication-guide,CC-BY-4.0
docs/_book/03-data.html,replication-guide,CC-BY-4.0
docs/_book/04-method-notes.html,replication-guide,CC-BY-4.0
docs/_book/05-pipeline.html,replication-guide,CC-BY-4.0
docs/_book/06-exhibits.html,replication-guide,CC-BY-4.0
docs/_book/07-empirical.html,replication-guide,CC-BY-4.0
docs/_book/08-governance.html,replication-guide,CC-BY-4.0
docs/_book/09-reproducibility.html,replication-guide,CC-BY-4.0
docs/_book/10-artifact-index.html,replication-guide,CC-BY-4.0
docs/_book/assets/FigF1_cells.png,replication-guide,CC-BY-4.0
docs/_book/assets/FigG1_splithalf.png,replication-guide,CC-BY-4.0
docs/_book/assets/fig1_concept.png,replication-guide,CC-BY-4.0
docs/_book/assets/fig2_design.png,replication-guide,CC-BY-4.0
docs/_book/assets/fig3_coverage.png,replication-guide,CC-BY-4.0
docs/_book/assets/fig4_calibration.png,replication-guide,CC-BY-4.0
docs/_book/assets/fig5_swmdk.png,replication-guide,CC-BY-4.0
docs/_book/index.html,replication-guide,CC-BY-4.0
docs/_book/search.json,replication-guide,CC-BY-4.0
docs/_book/site_libs/bootstrap/bootstrap-71f848a2aeb245bba3d660789bb1be18.min.css,replication-guide,CC-BY-4.0
docs/_book/site_libs/bootstrap/bootstrap-icons.css,replication-guide,CC-BY-4.0
docs/_book/site_libs/bootstrap/bootstrap-icons.woff,replication-guide,CC-BY-4.0
docs/_book/site_libs/bootstrap/bootstrap.min.js,replication-guide,CC-BY-4.0
docs/_book/site_libs/clipboard/clipboard.min.js,replication-guide,CC-BY-4.0
docs/_book/site_libs/quarto-html/anchor.min.js,replication-guide,CC-BY-4.0
docs/_book/site_libs/quarto-html/popper.min.js,replication-guide,CC-BY-4.0
docs/_book/site_libs/quarto-html/quarto-syntax-highlighting-7f8f88aac4f3542376d5c11b86a4c14d.css,replication-guide,CC-BY-4.0
docs/_book/site_libs/quarto-html/quarto.js,replication-guide,CC-BY-4.0
docs/_book/site_libs/quarto-html/tabsets/tabsets.js,replication-guide,CC-BY-4.0
docs/_book/site_libs/quarto-html/tippy.css,replication-guide,CC-BY-4.0
docs/_book/site_libs/quarto-html/tippy.umd.min.js,replication-guide,CC-BY-4.0
docs/_book/site_libs/quarto-html/zenscroll-min.js,replication-guide,CC-BY-4.0
docs/_book/site_libs/quarto-nav/headroom.min.js,replication-guide,CC-BY-4.0
docs/_book/site_libs/quarto-nav/quarto-nav.js,replication-guide,CC-BY-4.0
docs/_book/site_libs/quarto-search/autocomplete.umd.js,replication-guide,CC-BY-4.0
docs/_book/site_libs/quarto-search/fuse.min.js,replication-guide,CC-BY-4.0
docs/_book/site_libs/quarto-search/quarto-search.js,replication-guide,CC-BY-4.0
docs/_quarto.yml,replication-guide,CC-BY-4.0
docs/assets/FigF1_cells.png,replication-guide,CC-BY-4.0
docs/assets/FigG1_splithalf.png,replication-guide,CC-BY-4.0
docs/assets/fig1_concept.png,replication-guide,CC-BY-4.0
docs/assets/fig2_design.png,replication-guide,CC-BY-4.0
docs/assets/fig3_coverage.png,replication-guide,CC-BY-4.0
docs/assets/fig4_calibration.png,replication-guide,CC-BY-4.0
docs/assets/fig5_swmdk.png,replication-guide,CC-BY-4.0
docs/custom.scss,replication-guide,CC-BY-4.0
docs/index.qmd,replication-guide,CC-BY-4.0
exhibits/00_build_all.R,code,MIT
exhibits/00_common.R,code,MIT
exhibits/01_build_key_numbers.R,code,MIT
exhibits/01_fig1_concept.R,code,MIT
exhibits/02_fig2_design.R,code,MIT
exhibits/03_fig3_coverage.R,code,MIT
exhibits/04_fig4_calibration.R,code,MIT
exhibits/05_fig5_swmdk.R,code,MIT
exhibits/07_tables.R,code,MIT
exhibits/08_osm_figures.R,code,MIT
outputs/derived_p16_allcell_summary.csv,generated-exhibit,CC-BY-4.0
outputs/figures/FigF1_cells.pdf,generated-exhibit,CC-BY-4.0
outputs/figures/FigF1_cells.png,generated-exhibit,CC-BY-4.0
outputs/figures/FigG1_splithalf.pdf,generated-exhibit,CC-BY-4.0
outputs/figures/FigG1_splithalf.png,generated-exhibit,CC-BY-4.0
outputs/figures/fig1_concept.pdf,generated-exhibit,CC-BY-4.0
outputs/figures/fig1_concept.png,generated-exhibit,CC-BY-4.0
outputs/figures/fig2_design.pdf,generated-exhibit,CC-BY-4.0
outputs/figures/fig2_design.png,generated-exhibit,CC-BY-4.0
outputs/figures/fig3_coverage.pdf,generated-exhibit,CC-BY-4.0
outputs/figures/fig3_coverage.png,generated-exhibit,CC-BY-4.0
outputs/figures/fig4_calibration.pdf,generated-exhibit,CC-BY-4.0
outputs/figures/fig4_calibration.png,generated-exhibit,CC-BY-4.0
outputs/figures/fig5_swmdk.pdf,generated-exhibit,CC-BY-4.0
outputs/figures/fig5_swmdk.png,generated-exhibit,CC-BY-4.0
outputs/floats/tab2_confirmation.tex,generated-exhibit,CC-BY-4.0
outputs/floats/tab3_swmdk.tex,generated-exhibit,CC-BY-4.0
outputs/floats/tabE1_training.tex,generated-exhibit,CC-BY-4.0
outputs/floats/tabE2_validation.tex,generated-exhibit,CC-BY-4.0
outputs/floats/tabF1_cells.tex,generated-exhibit,CC-BY-4.0
outputs/floats/tabF2_comparators.tex,generated-exhibit,CC-BY-4.0
outputs/floats/tabG1_categories.tex,generated-exhibit,CC-BY-4.0
outputs/floats/tabH1_claims.tex,generated-exhibit,CC-BY-4.0
outputs/key_numbers.csv,generated-exhibit,CC-BY-4.0
provenance/chart-specs.csv,provenance,CC-BY-4.0
provenance/excluded-digests.csv,provenance,CC-BY-4.0
provenance/governance/DIGESTS.csv,provenance,CC-BY-4.0
provenance/governance/authorize-phase17-empirical-application-v1.R,code,MIT
provenance/governance/authorize-phase18-review-v1.R,code,MIT
provenance/governance/build-step14-1-governance-v1.R,code,MIT
provenance/governance/protocol/phase17/build-phase17-execution-code-lock-v1.R,code,MIT
provenance/governance/protocol/phase17/build-phase17-protocol-lock-v1.R,code,MIT
provenance/governance/protocol/phase17/v4-phase17-execution-code-lock-v1.json,provenance,CC-BY-4.0
provenance/governance/protocol/phase17/v4-phase17-protocol-lock-receipt-v1.json,provenance,CC-BY-4.0
provenance/governance/protocol/phase17/v4-phase17-swmdk-empirical-protocol-v1.yml,provenance,CC-BY-4.0
provenance/governance/protocol/phase17/v4-phase17-task-design-v1.csv,provenance,CC-BY-4.0
provenance/governance/v4-cluster-polytomous-governance-manifest-v1.json,provenance,CC-BY-4.0
provenance/governance/v4-phase14-autonomous-authority-addendum-v1.json,provenance,CC-BY-4.0
provenance/governance/v4-phase15-autonomous-authority-addendum-v1.json,provenance,CC-BY-4.0
provenance/governance/v4-phase17-empirical-application-authority-v1.json,provenance,CC-BY-4.0
provenance/governance/v4-phase18-review-authority-v1.json,provenance,CC-BY-4.0
provenance/governance/v4-source-and-freeze-inventory-v1.csv,provenance,CC-BY-4.0
provenance/governance/v4-step14-1-foundation-receipt-v1.json,provenance,CC-BY-4.0
provenance/governance/v4-step14-1-validation-checks-v1.csv,provenance,CC-BY-4.0
provenance/handoff.md,provenance,CC-BY-4.0
provenance/manuscript-artifact-contract.csv,provenance,CC-BY-4.0
provenance/package-file-origins.csv,provenance,CC-BY-4.0
provenance/publication-boundary.md,provenance,CC-BY-4.0
provenance/redactions.csv,provenance,CC-BY-4.0
provenance/release-files.csv,provenance,CC-BY-4.0
provenance/reproduction-map.csv,provenance,CC-BY-4.0
provenance/runnable-code.csv,provenance,CC-BY-4.0
provenance/seed-tree.md,provenance,CC-BY-4.0
provenance/shared-harness-files.csv,provenance,CC-BY-4.0
provenance/ship-ledger.csv,provenance,CC-BY-4.0
reference-code/ARCHIVAL-DIGESTS.csv,code-or-code-documentation,MIT
reference-code/PIPELINE.md,code-or-code-documentation,MIT
reference-code/R/core/knot-diagnostics.R,code,MIT
reference-code/R/core/ordinal-h.R,code,MIT
reference-code/R/dgp/clustered-ordinal-dgp.R,code,MIT
reference-code/R/dgp/phase15-clustered-ordinal-dgp.R,code,MIT
reference-code/R/evaluation/intervals-and-comparators.R,code,MIT
reference-code/R/evaluation/phase15-calibration.R,code,MIT
reference-code/R/weights/cluster-weights.R,code,MIT
reference-code/README.md,code-or-code-documentation,MIT
reference-code/phase16/authorize-phase16-fresh-confirmation-v1.R,code,MIT
reference-code/phase16/build-phase16-protocol-ready-gate-v1.R,code,MIT
reference-code/phase16/evaluate-phase16-confirmation-v1.R,code,MIT
reference-code/phase16/finalize-phase16-confirmation-v1.R,code,MIT
reference-code/phase16/run-phase16-authorized-aws-v1.sh,code,MIT
reference-code/phase16/run-phase16-aws-v1.sh,code,MIT
reference-code/phase16/run-phase16-cell-v1.R,code,MIT
reference-code/phase17/evaluate-phase17-swmdk-v1.R,code,MIT
reference-code/phase17/finalize-phase17-empirical-application-v1.R,code,MIT
reference-code/phase17/run-phase17-aws-v1.sh,code,MIT
reference-code/phase17/run-phase17-task-v1.R,code,MIT
reference-code/phase17/tests/run-phase17-tests-v1.R,code,MIT
reference-code/tests/artifacts/v4-phase14-test-receipt-v1.json,code-or-code-documentation,MIT
reference-code/tests/artifacts/v4-phase14-test-results-v1.csv,code-or-code-documentation,MIT
reference-code/tests/artifacts/v4-phase15-test-receipt-v1.json,code-or-code-documentation,MIT
reference-code/tests/artifacts/v4-phase15-test-results-v1.csv,code-or-code-documentation,MIT
reference-code/tests/run-phase14-tests-v1.R,code,MIT
reference-code/tests/run-phase15-tests-v1.R,code,MIT
sessioninfo.txt,documentation-or-metadata,CC-BY-4.0
verification/_upstream_verify_numbers.R,code,MIT
verification/archival/results/archival-safety-certificate.csv,code-or-code-documentation,MIT
verification/archival/verify_archival_safety.R,code,MIT
verification/build_expected.R,code,MIT
verification/check_guide_links.py,code,MIT
verification/cold_start_rehearsal.sh,code,MIT
verification/disclosure_scan.py,code,MIT
verification/expected/exhibit-parity.csv,code-or-code-documentation,MIT
verification/expected/key_numbers-manuscript.csv,code-or-code-documentation,MIT
verification/negative_controls.sh,code,MIT
verification/oracles/README-upstream.md,code-or-code-documentation,MIT
verification/oracles/koopman/fixtures/koopman-scale-summary.csv,code-or-code-documentation,MIT
verification/oracles/koopman/fixtures/koopman-t-aisp-assignment.csv,code-or-code-documentation,MIT
verification/oracles/koopman/verify-koopman-2022.R,code,MIT
verification/oracles/run_oracles.R,code,MIT
verification/oracles/transport-lp/fixtures/lp-hand-values.csv,code-or-code-documentation,MIT
verification/oracles/transport-lp/fixtures/tie-unused-cases.yml,code-or-code-documentation,MIT
verification/oracles/transport-lp/fixtures/transport-counterexamples.yml,code-or-code-documentation,MIT
verification/oracles/transport-lp/reports/exhaustive-grid.html,code-or-code-documentation,MIT
verification/oracles/transport-lp/reports/exhaustive-grid.qmd,code-or-code-documentation,MIT
verification/oracles/transport-lp/results/exhaustive-grid-failures.csv,code-or-code-documentation,MIT
verification/oracles/transport-lp/results/exhaustive-grid-summary.csv,code-or-code-documentation,MIT
verification/oracles/transport-lp/results/risk-grid-results.csv,code-or-code-documentation,MIT
verification/oracles/transport-lp/run-exhaustive-grid.R,code,MIT
verification/oracles/transport-lp/run-risk-grid.R,code,MIT
verification/oracles/transport-lp/solve-transport-lp.R,code,MIT
verification/oracles/transport-lp/spec.yml,code-or-code-documentation,MIT
verification/oracles/transport-lp/tests/test-lp-feasibility.R,code,MIT
verification/oracles/transport-lp/two-pointer-reference.R,code,MIT
verification/rehearse_without_reference_code.sh,code,MIT
verification/update_release_registry.py,code,MIT
verification/verify_governance.R,code,MIT
verification/verify_guide_assets.py,code,MIT
verification/verify_manuscript_numbers.R,code,MIT
verification/verify_numeric_basis.R,code,MIT
verification/verify_quarantine.py,code,MIT
verification/verify_reproduction.R,code,MIT
verification/verify_semantics.R,code,MIT
