package,tier,source_path,target_path,verdict,reason,bytes_raw,bytes_shipped
B,design,2025-06-27_Bayesian Mokken Scaling/paper-A-bayesian-scalability/codebase/research/v4/cluster-polytomous/protocol/build-phase14-protocol-lock-v1.R,data-frozen/design/build-phase14-protocol-lock-v1.R,ship,"estimand and sampling contract, weight law, Phase 14/15 designs and locks",4012,4012
B,design,2025-06-27_Bayesian Mokken Scaling/paper-A-bayesian-scalability/codebase/research/v4/cluster-polytomous/protocol/build-phase15-protocol-lock-v1.R,data-frozen/design/build-phase15-protocol-lock-v1.R,ship,"estimand and sampling contract, weight law, Phase 14/15 designs and locks",4288,4288
B,design,2025-06-27_Bayesian Mokken Scaling/paper-A-bayesian-scalability/codebase/research/v4/cluster-polytomous/protocol/v4-estimand-and-sampling-contract-v1.yml,data-frozen/design/v4-estimand-and-sampling-contract-v1.yml,ship,"estimand and sampling contract, weight law, Phase 14/15 designs and locks",3031,3031
B,design,2025-06-27_Bayesian Mokken Scaling/paper-A-bayesian-scalability/codebase/research/v4/cluster-polytomous/protocol/v4-original-source-crosswalk-schedule-v1.json,data-frozen/design/v4-original-source-crosswalk-schedule-v1.json,ship,"estimand and sampling contract, weight law, Phase 14/15 designs and locks",1525,1525
B,design,2025-06-27_Bayesian Mokken Scaling/paper-A-bayesian-scalability/codebase/research/v4/cluster-polytomous/protocol/v4-phase14-feasibility-protocol-v1.yml,data-frozen/design/v4-phase14-feasibility-protocol-v1.yml,ship,"estimand and sampling contract, weight law, Phase 14/15 designs and locks",3081,3081
B,design,2025-06-27_Bayesian Mokken Scaling/paper-A-bayesian-scalability/codebase/research/v4/cluster-polytomous/protocol/v4-phase14-pilot-design-v1.csv,data-frozen/design/v4-phase14-pilot-design-v1.csv,ship,"estimand and sampling contract, weight law, Phase 14/15 designs and locks",842,842
B,design,2025-06-27_Bayesian Mokken Scaling/paper-A-bayesian-scalability/codebase/research/v4/cluster-polytomous/protocol/v4-phase14-protocol-lock-receipt-v1.json,data-frozen/design/v4-phase14-protocol-lock-receipt-v1.json,ship,"estimand and sampling contract, weight law, Phase 14/15 designs and locks",2244,2244
B,design,2025-06-27_Bayesian Mokken Scaling/paper-A-bayesian-scalability/codebase/research/v4/cluster-polytomous/protocol/v4-phase15-development-validation-protocol-v1.yml,data-frozen/design/v4-phase15-development-validation-protocol-v1.yml,ship,"estimand and sampling contract, weight law, Phase 14/15 designs and locks",4749,4749
B,design,2025-06-27_Bayesian Mokken Scaling/paper-A-bayesian-scalability/codebase/research/v4/cluster-polytomous/protocol/v4-phase15-protocol-lock-receipt-v1.json,data-frozen/design/v4-phase15-protocol-lock-receipt-v1.json,ship,"estimand and sampling contract, weight law, Phase 14/15 designs and locks",2175,2175
B,design,2025-06-27_Bayesian Mokken Scaling/paper-A-bayesian-scalability/codebase/research/v4/cluster-polytomous/protocol/v4-phase15-training-design-v1.csv,data-frozen/design/v4-phase15-training-design-v1.csv,ship,"estimand and sampling contract, weight law, Phase 14/15 designs and locks",1553,1553
B,design,2025-06-27_Bayesian Mokken Scaling/paper-A-bayesian-scalability/codebase/research/v4/cluster-polytomous/protocol/v4-phase15-validation-design-v1.csv,data-frozen/design/v4-phase15-validation-design-v1.csv,ship,"estimand and sampling contract, weight law, Phase 14/15 designs and locks",1319,1319
B,design,2025-06-27_Bayesian Mokken Scaling/paper-A-bayesian-scalability/codebase/research/v4/cluster-polytomous/protocol/v4-weight-law-specification-v1.yml,data-frozen/design/v4-weight-law-specification-v1.yml,ship,"estimand and sampling contract, weight law, Phase 14/15 designs and locks",2447,2447
B,pilot,2025-06-27_Bayesian Mokken Scaling/paper-A-bayesian-scalability/codebase/research/v4/cluster-polytomous/pilot/artifacts/checkpoints/P14-C001-replications.csv,data-frozen/pilot/checkpoints/P14-C001-replications.csv,ship,Phase 14 feasibility pilot,115937,115937
B,pilot,2025-06-27_Bayesian Mokken Scaling/paper-A-bayesian-scalability/codebase/research/v4/cluster-polytomous/pilot/artifacts/checkpoints/P14-C002-replications.csv,data-frozen/pilot/checkpoints/P14-C002-replications.csv,ship,Phase 14 feasibility pilot,125971,125971
B,pilot,2025-06-27_Bayesian Mokken Scaling/paper-A-bayesian-scalability/codebase/research/v4/cluster-polytomous/pilot/artifacts/checkpoints/P14-C003-replications.csv,data-frozen/pilot/checkpoints/P14-C003-replications.csv,ship,Phase 14 feasibility pilot,123533,123533
B,pilot,2025-06-27_Bayesian Mokken Scaling/paper-A-bayesian-scalability/codebase/research/v4/cluster-polytomous/pilot/artifacts/checkpoints/P14-C004-replications.csv,data-frozen/pilot/checkpoints/P14-C004-replications.csv,ship,Phase 14 feasibility pilot,127077,127077
B,pilot,2025-06-27_Bayesian Mokken Scaling/paper-A-bayesian-scalability/codebase/research/v4/cluster-polytomous/pilot/artifacts/checkpoints/P14-C005-replications.csv,data-frozen/pilot/checkpoints/P14-C005-replications.csv,ship,Phase 14 feasibility pilot,124095,124095
B,pilot,2025-06-27_Bayesian Mokken Scaling/paper-A-bayesian-scalability/codebase/research/v4/cluster-polytomous/pilot/artifacts/checkpoints/P14-C006-replications.csv,data-frozen/pilot/checkpoints/P14-C006-replications.csv,ship,Phase 14 feasibility pilot,117071,117071
B,pilot,2025-06-27_Bayesian Mokken Scaling/paper-A-bayesian-scalability/codebase/research/v4/cluster-polytomous/pilot/artifacts/checkpoints/P14-C007-replications.csv,data-frozen/pilot/checkpoints/P14-C007-replications.csv,ship,Phase 14 feasibility pilot,127043,127043
B,pilot,2025-06-27_Bayesian Mokken Scaling/paper-A-bayesian-scalability/codebase/research/v4/cluster-polytomous/pilot/artifacts/checkpoints/P14-C008-replications.csv,data-frozen/pilot/checkpoints/P14-C008-replications.csv,ship,Phase 14 feasibility pilot,120495,120495
B,pilot,2025-06-27_Bayesian Mokken Scaling/paper-A-bayesian-scalability/codebase/research/v4/cluster-polytomous/pilot/artifacts/checkpoints/P14-C009-replications.csv,data-frozen/pilot/checkpoints/P14-C009-replications.csv,ship,Phase 14 feasibility pilot,123914,123914
B,pilot,2025-06-27_Bayesian Mokken Scaling/paper-A-bayesian-scalability/codebase/research/v4/cluster-polytomous/pilot/artifacts/checkpoints/P14-C010-replications.csv,data-frozen/pilot/checkpoints/P14-C010-replications.csv,ship,Phase 14 feasibility pilot,118654,118654
B,pilot,2025-06-27_Bayesian Mokken Scaling/paper-A-bayesian-scalability/codebase/research/v4/cluster-polytomous/pilot/artifacts/checkpoints/P14-C011-replications.csv,data-frozen/pilot/checkpoints/P14-C011-replications.csv,ship,Phase 14 feasibility pilot,126414,126414
B,pilot,2025-06-27_Bayesian Mokken Scaling/paper-A-bayesian-scalability/codebase/research/v4/cluster-polytomous/pilot/artifacts/checkpoints/P14-C012-replications.csv,data-frozen/pilot/checkpoints/P14-C012-replications.csv,ship,Phase 14 feasibility pilot,126695,126695
B,pilot,2025-06-27_Bayesian Mokken Scaling/paper-A-bayesian-scalability/codebase/research/v4/cluster-polytomous/pilot/artifacts/checkpoints/P14-C013-replications.csv,data-frozen/pilot/checkpoints/P14-C013-replications.csv,ship,Phase 14 feasibility pilot,124756,124756
B,pilot,2025-06-27_Bayesian Mokken Scaling/paper-A-bayesian-scalability/codebase/research/v4/cluster-polytomous/pilot/artifacts/checkpoints/P14-C014-replications.csv,data-frozen/pilot/checkpoints/P14-C014-replications.csv,ship,Phase 14 feasibility pilot,125789,125789
B,pilot,2025-06-27_Bayesian Mokken Scaling/paper-A-bayesian-scalability/codebase/research/v4/cluster-polytomous/pilot/artifacts/checkpoints/P14-C015-replications.csv,data-frozen/pilot/checkpoints/P14-C015-replications.csv,ship,Phase 14 feasibility pilot,117232,117232
B,pilot,2025-06-27_Bayesian Mokken Scaling/paper-A-bayesian-scalability/codebase/research/v4/cluster-polytomous/pilot/artifacts/checkpoints/P14-C016-replications.csv,data-frozen/pilot/checkpoints/P14-C016-replications.csv,ship,Phase 14 feasibility pilot,123827,123827
B,pilot,2025-06-27_Bayesian Mokken Scaling/paper-A-bayesian-scalability/codebase/research/v4/cluster-polytomous/pilot/artifacts/checkpoints/P14-C017-replications.csv,data-frozen/pilot/checkpoints/P14-C017-replications.csv,ship,Phase 14 feasibility pilot,117449,117449
B,pilot,2025-06-27_Bayesian Mokken Scaling/paper-A-bayesian-scalability/codebase/research/v4/cluster-polytomous/pilot/artifacts/checkpoints/P14-C018-replications.csv,data-frozen/pilot/checkpoints/P14-C018-replications.csv,ship,Phase 14 feasibility pilot,126467,126467
B,pilot,2025-06-27_Bayesian Mokken Scaling/paper-A-bayesian-scalability/codebase/research/v4/cluster-polytomous/pilot/artifacts/v4-phase14-pilot-aggregate-summary-v1.csv,data-frozen/pilot/v4-phase14-pilot-aggregate-summary-v1.csv,ship,Phase 14 feasibility pilot,5417,5417
B,pilot,2025-06-27_Bayesian Mokken Scaling/paper-A-bayesian-scalability/codebase/research/v4/cluster-polytomous/pilot/artifacts/v4-phase14-pilot-cell-summary-v1.csv,data-frozen/pilot/v4-phase14-pilot-cell-summary-v1.csv,ship,Phase 14 feasibility pilot,26593,26593
B,pilot,2025-06-27_Bayesian Mokken Scaling/paper-A-bayesian-scalability/codebase/research/v4/cluster-polytomous/pilot/artifacts/v4-phase14-pilot-receipt-v1.json,data-frozen/pilot/v4-phase14-pilot-receipt-v1.json,ship,Phase 14 feasibility pilot,1782,1782
B,pilot,2025-06-27_Bayesian Mokken Scaling/paper-A-bayesian-scalability/codebase/research/v4/cluster-polytomous/pilot/artifacts/v4-phase14-pilot-replications-v1.csv,data-frozen/pilot/v4-phase14-pilot-replications-v1.csv,ship,Phase 14 feasibility pilot,2205126,2205126
B,pilot,2025-06-27_Bayesian Mokken Scaling/paper-A-bayesian-scalability/codebase/research/v4/cluster-polytomous/pilot/artifacts/v4-phase14-pilot-truth-v1.csv,data-frozen/pilot/v4-phase14-pilot-truth-v1.csv,ship,Phase 14 feasibility pilot,4214,4214
B,development,2025-06-27_Bayesian Mokken Scaling/paper-A-bayesian-scalability/codebase/research/v4/cluster-polytomous/development/artifacts/v4-phase15-training-candidate-decisions-v1.csv,data-frozen/development/v4-phase15-training-candidate-decisions-v1.csv,ship,Phase 15 training tier,1539,1539
B,development,2025-06-27_Bayesian Mokken Scaling/paper-A-bayesian-scalability/codebase/research/v4/cluster-polytomous/development/artifacts/v4-phase15-training-candidate-summary-v1.csv,data-frozen/development/v4-phase15-training-candidate-summary-v1.csv,ship,Phase 15 training tier,2011,2011
B,development,2025-06-27_Bayesian Mokken Scaling/paper-A-bayesian-scalability/codebase/research/v4/cluster-polytomous/development/artifacts/v4-phase15-training-method-lock-v1.json,data-frozen/development/v4-phase15-training-method-lock-v1.json,ship,Phase 15 training tier,2166,2166
B,development,2025-06-27_Bayesian Mokken Scaling/paper-A-bayesian-scalability/codebase/research/v4/cluster-polytomous/development/artifacts/v4-phase15-training-raw-manifest-v1.csv,data-frozen/development/v4-phase15-training-raw-manifest-v1.csv,ship,Phase 15 training tier,11518,11518
B,development,2025-06-27_Bayesian Mokken Scaling/paper-A-bayesian-scalability/codebase/research/v4/cluster-polytomous/development/artifacts/v4-phase15-training-subgroup-summary-v1.csv,data-frozen/development/v4-phase15-training-subgroup-summary-v1.csv,ship,Phase 15 training tier,14646,14646
B,validation,2025-06-27_Bayesian Mokken Scaling/paper-A-bayesian-scalability/codebase/research/v4/cluster-polytomous/validation/artifacts/v4-phase15-final-method-lock-v1.json,data-frozen/validation/v4-phase15-final-method-lock-v1.json,ship,Phase 15 held-out validation tier,2515,2515
B,validation,2025-06-27_Bayesian Mokken Scaling/paper-A-bayesian-scalability/codebase/research/v4/cluster-polytomous/validation/artifacts/v4-phase15-validation-cell-summary-v1.csv,data-frozen/validation/v4-phase15-validation-cell-summary-v1.csv,ship,Phase 15 held-out validation tier,7914,7914
B,validation,2025-06-27_Bayesian Mokken Scaling/paper-A-bayesian-scalability/codebase/research/v4/cluster-polytomous/validation/artifacts/v4-phase15-validation-gate-checks-v1.csv,data-frozen/validation/v4-phase15-validation-gate-checks-v1.csv,ship,Phase 15 held-out validation tier,761,761
B,validation,2025-06-27_Bayesian Mokken Scaling/paper-A-bayesian-scalability/codebase/research/v4/cluster-polytomous/validation/artifacts/v4-phase15-validation-overall-summary-v1.csv,data-frozen/validation/v4-phase15-validation-overall-summary-v1.csv,ship,Phase 15 held-out validation tier,841,841
B,validation,2025-06-27_Bayesian Mokken Scaling/paper-A-bayesian-scalability/codebase/research/v4/cluster-polytomous/validation/artifacts/v4-phase15-validation-raw-manifest-v1.csv,data-frozen/validation/v4-phase15-validation-raw-manifest-v1.csv,ship,Phase 15 held-out validation tier,8596,8596
B,validation,2025-06-27_Bayesian Mokken Scaling/paper-A-bayesian-scalability/codebase/research/v4/cluster-polytomous/validation/artifacts/v4-phase15-validation-subgroup-summary-v1.csv,data-frozen/validation/v4-phase15-validation-subgroup-summary-v1.csv,ship,Phase 15 held-out validation tier,5212,5212
B,excluded,2025-06-27_Bayesian Mokken Scaling/paper-A-bayesian-scalability/codebase/research/v4/cluster-polytomous/confirmatory/artifacts/execution-bundles/v4-phase16-aws-execution-bundle-v1.tar.gz,,exclude,D-3: redundant execution container; members ship individually as annotated reference code or locked inputs; excluded from the public package,19700,0
B,confirmatory,2025-06-27_Bayesian Mokken Scaling/paper-A-bayesian-scalability/codebase/research/v4/cluster-polytomous/confirmatory/artifacts/v4-phase16-aws-execution-receipt-v1.json,data-frozen/confirmatory/v4-phase16-aws-execution-receipt-v1.json,ship,"Phase 16 fresh confirmation, locked",1558,1558
B,confirmatory,2025-06-27_Bayesian Mokken Scaling/paper-A-bayesian-scalability/codebase/research/v4/cluster-polytomous/confirmatory/artifacts/v4-phase16-confirmation-cell-summary-v1.csv,data-frozen/confirmatory/v4-phase16-confirmation-cell-summary-v1.csv,ship,"Phase 16 fresh confirmation, locked",9528,9528
B,confirmatory,2025-06-27_Bayesian Mokken Scaling/paper-A-bayesian-scalability/codebase/research/v4/cluster-polytomous/confirmatory/artifacts/v4-phase16-confirmation-comparator-summary-v1.csv,data-frozen/confirmatory/v4-phase16-confirmation-comparator-summary-v1.csv,ship,"Phase 16 fresh confirmation, locked",2809,2809
B,confirmatory,2025-06-27_Bayesian Mokken Scaling/paper-A-bayesian-scalability/codebase/research/v4/cluster-polytomous/confirmatory/artifacts/v4-phase16-confirmation-decision-v1.json,data-frozen/confirmatory/v4-phase16-confirmation-decision-v1.json,ship,"Phase 16 fresh confirmation, locked",821,821
B,confirmatory,2025-06-27_Bayesian Mokken Scaling/paper-A-bayesian-scalability/codebase/research/v4/cluster-polytomous/confirmatory/artifacts/v4-phase16-confirmation-gate-checks-v1.csv,data-frozen/confirmatory/v4-phase16-confirmation-gate-checks-v1.csv,ship,"Phase 16 fresh confirmation, locked",289,289
B,confirmatory,2025-06-27_Bayesian Mokken Scaling/paper-A-bayesian-scalability/codebase/research/v4/cluster-polytomous/confirmatory/artifacts/v4-phase16-confirmation-gate-evidence-v1.csv,data-frozen/confirmatory/v4-phase16-confirmation-gate-evidence-v1.csv,ship,"Phase 16 fresh confirmation, locked",448,448
B,confirmatory,2025-06-27_Bayesian Mokken Scaling/paper-A-bayesian-scalability/codebase/research/v4/cluster-polytomous/confirmatory/artifacts/v4-phase16-confirmation-lane-summary-v1.csv,data-frozen/confirmatory/v4-phase16-confirmation-lane-summary-v1.csv,ship,"Phase 16 fresh confirmation, locked",1085,1085
B,confirmatory,2025-06-27_Bayesian Mokken Scaling/paper-A-bayesian-scalability/codebase/research/v4/cluster-polytomous/confirmatory/artifacts/v4-phase16-confirmation-overall-summary-v1.csv,data-frozen/confirmatory/v4-phase16-confirmation-overall-summary-v1.csv,ship,"Phase 16 fresh confirmation, locked",750,750
B,confirmatory,2025-06-27_Bayesian Mokken Scaling/paper-A-bayesian-scalability/codebase/research/v4/cluster-polytomous/confirmatory/artifacts/v4-phase16-confirmation-raw-manifest-v1.csv,data-frozen/confirmatory/v4-phase16-confirmation-raw-manifest-v1.csv,ship,"Phase 16 fresh confirmation, locked",11614,11614
B,confirmatory,2025-06-27_Bayesian Mokken Scaling/paper-A-bayesian-scalability/codebase/research/v4/cluster-polytomous/confirmatory/artifacts/v4-phase16-confirmation-subgroup-summary-v1.csv,data-frozen/confirmatory/v4-phase16-confirmation-subgroup-summary-v1.csv,ship,"Phase 16 fresh confirmation, locked",5444,5444
B,confirmatory,2025-06-27_Bayesian Mokken Scaling/paper-A-bayesian-scalability/codebase/research/v4/cluster-polytomous/confirmatory/artifacts/v4-phase16-evidence-manifest-v1.csv,data-frozen/confirmatory/v4-phase16-evidence-manifest-v1.csv,ship,"Phase 16 fresh confirmation, locked",4065,4065
B,confirmatory,2025-06-27_Bayesian Mokken Scaling/paper-A-bayesian-scalability/codebase/research/v4/cluster-polytomous/confirmatory/artifacts/v4-phase16-final-closure-checks-v1.csv,data-frozen/confirmatory/v4-phase16-final-closure-checks-v1.csv,ship,"Phase 16 fresh confirmation, locked",1857,1857
B,confirmatory,2025-06-27_Bayesian Mokken Scaling/paper-A-bayesian-scalability/codebase/research/v4/cluster-polytomous/confirmatory/artifacts/v4-phase16-final-closure-receipt-v1.json,data-frozen/confirmatory/v4-phase16-final-closure-receipt-v1.json,ship,"Phase 16 fresh confirmation, locked",1634,1634
B,confirmatory,2025-06-27_Bayesian Mokken Scaling/paper-A-bayesian-scalability/codebase/research/v4/cluster-polytomous/confirmatory/artifacts/v4-phase16-key-metrics-v1.json,data-frozen/confirmatory/v4-phase16-key-metrics-v1.json,ship,"Phase 16 fresh confirmation, locked",1630,1630
B,confirmatory,2025-06-27_Bayesian Mokken Scaling/paper-A-bayesian-scalability/codebase/research/v4/cluster-polytomous/confirmatory/artifacts/v4-phase16-protocol-ready-checks-v1.csv,data-frozen/confirmatory/v4-phase16-protocol-ready-checks-v1.csv,ship,"Phase 16 fresh confirmation, locked",2176,2176
B,confirmatory,2025-06-27_Bayesian Mokken Scaling/paper-A-bayesian-scalability/codebase/research/v4/cluster-polytomous/confirmatory/artifacts/v4-phase16-protocol-ready-receipt-v1.json,data-frozen/confirmatory/v4-phase16-protocol-ready-receipt-v1.json,ship,"Phase 16 fresh confirmation, locked",1850,1850
B,phase18,2025-06-27_Bayesian Mokken Scaling/paper-A-bayesian-scalability/codebase/research/v4/cluster-polytomous/phase18-review/results/v4-andreadis-file-line-crosswalk-v1.csv,data-frozen/phase18/review/v4-andreadis-file-line-crosswalk-v1.csv,ship,G18-A original-source crosswalk,4580,4580
B,phase18,2025-06-27_Bayesian Mokken Scaling/paper-A-bayesian-scalability/codebase/research/v4/cluster-polytomous/phase18-review/results/v4-g18a-gate-criteria-v1.csv,data-frozen/phase18/review/v4-g18a-gate-criteria-v1.csv,ship,G18-A original-source crosswalk,1183,1183
B,phase18,2025-06-27_Bayesian Mokken Scaling/paper-A-bayesian-scalability/codebase/research/v4/cluster-polytomous/phase18-review/results/v4-molenaar-page-crosswalk-v1.csv,data-frozen/phase18/review/v4-molenaar-page-crosswalk-v1.csv,ship,G18-A original-source crosswalk,4394,4394
B,phase18,2025-06-27_Bayesian Mokken Scaling/paper-A-bayesian-scalability/codebase/research/v4/cluster-polytomous/phase18-review/results/v4-phase18-claim-eligibility-v1.csv,data-frozen/phase18/review/v4-phase18-claim-eligibility-v1.csv,ship,G18-A original-source crosswalk,3214,3214
B,phase18,2025-06-27_Bayesian Mokken Scaling/paper-A-bayesian-scalability/codebase/research/v4/cluster-polytomous/phase18-review/results/v4-phase18-formula-assumption-bridge-v1.csv,data-frozen/phase18/review/v4-phase18-formula-assumption-bridge-v1.csv,ship,G18-A original-source crosswalk,2940,2940
B,phase18,2025-06-27_Bayesian Mokken Scaling/paper-A-bayesian-scalability/codebase/research/v4/cluster-polytomous/phase18-review/results/v4-phase18-paper-architecture-score-v1.csv,data-frozen/phase18/review/v4-phase18-paper-architecture-score-v1.csv,ship,G18-A original-source crosswalk,2233,2233
B,phase18,2025-06-27_Bayesian Mokken Scaling/paper-A-bayesian-scalability/codebase/research/v4/cluster-polytomous/phase18-review/results/v4-phase18-review-test-results-v1.csv,data-frozen/phase18/review/v4-phase18-review-test-results-v1.csv,ship,G18-A original-source crosswalk,3372,3372
B,phase18,2025-06-27_Bayesian Mokken Scaling/paper-A-bayesian-scalability/codebase/research/v4/cluster-polytomous/phase18-review/results/v4-phase18-source-artifact-register-v1.csv,data-frozen/phase18/review/v4-phase18-source-artifact-register-v1.csv,ship,G18-A original-source crosswalk,2127,2127
B,phase18,2025-06-27_Bayesian Mokken Scaling/paper-A-bayesian-scalability/codebase/research/v4/cluster-polytomous/phase18-review/results/v4-rueschendorf-page-crosswalk-v1.csv,data-frozen/phase18/review/v4-rueschendorf-page-crosswalk-v1.csv,ship,G18-A original-source crosswalk,3635,3635
B,phase18,2025-06-27_Bayesian Mokken Scaling/paper-A-bayesian-scalability/codebase/research/v4/cluster-polytomous/phase18-production/artifacts/v4-g18b-final-decision-receipt-v1.json,data-frozen/phase18/production/v4-g18b-final-decision-receipt-v1.json,ship,G18-B production integration receipts,5428,5428
B,phase18,2025-06-27_Bayesian Mokken Scaling/paper-A-bayesian-scalability/codebase/research/v4/cluster-polytomous/phase18-production/artifacts/v4-g18b-final-evidence-manifest-v1.csv,data-frozen/phase18/production/v4-g18b-final-evidence-manifest-v1.csv,ship,G18-B production integration receipts,4700,4700
B,phase18,2025-06-27_Bayesian Mokken Scaling/paper-A-bayesian-scalability/codebase/research/v4/cluster-polytomous/phase18-production/artifacts/v4-step18-2-package-metrics-v1.json,data-frozen/phase18/production/v4-step18-2-package-metrics-v1.json,ship,G18-B production integration receipts,1713,1713
B,phase18,2025-06-27_Bayesian Mokken Scaling/paper-A-bayesian-scalability/codebase/research/v4/cluster-polytomous/phase18-production/artifacts/v4-step18-2-reference-objects-v1.rds,data-frozen/phase18/production/v4-step18-2-reference-objects-v1.rds,ship,G18-B production integration receipts,19928,19928
B,phase18,2025-06-27_Bayesian Mokken Scaling/paper-A-bayesian-scalability/codebase/research/v4/cluster-polytomous/phase18-production/artifacts/v4-step18-2-session-info-v1.txt,data-frozen/phase18/production/v4-step18-2-session-info-v1.txt,ship,G18-B production integration receipts,1168,1168
B,governance,2025-06-27_Bayesian Mokken Scaling/paper-A-bayesian-scalability/codebase/research/v4/cluster-polytomous/governance/authorize-phase17-empirical-application-v1.R,provenance/governance/authorize-phase17-empirical-application-v1.R,ship,"D-3: authority addenda, manifest, freeze inventory",4235,4179
B,governance,2025-06-27_Bayesian Mokken Scaling/paper-A-bayesian-scalability/codebase/research/v4/cluster-polytomous/governance/authorize-phase18-review-v1.R,provenance/governance/authorize-phase18-review-v1.R,ship,"D-3: authority addenda, manifest, freeze inventory",4645,4323
B,governance,2025-06-27_Bayesian Mokken Scaling/paper-A-bayesian-scalability/codebase/research/v4/cluster-polytomous/governance/build-step14-1-governance-v1.R,provenance/governance/build-step14-1-governance-v1.R,ship,"D-3: authority addenda, manifest, freeze inventory",16698,16656
B,governance,2025-06-27_Bayesian Mokken Scaling/paper-A-bayesian-scalability/codebase/research/v4/cluster-polytomous/governance/v4-cluster-polytomous-governance-manifest-v1.json,provenance/governance/v4-cluster-polytomous-governance-manifest-v1.json,ship,"D-3: authority addenda, manifest, freeze inventory",5639,5597
B,governance,2025-06-27_Bayesian Mokken Scaling/paper-A-bayesian-scalability/codebase/research/v4/cluster-polytomous/governance/v4-phase14-autonomous-authority-addendum-v1.json,provenance/governance/v4-phase14-autonomous-authority-addendum-v1.json,ship,"D-3: authority addenda, manifest, freeze inventory",1912,1691
B,governance,2025-06-27_Bayesian Mokken Scaling/paper-A-bayesian-scalability/codebase/research/v4/cluster-polytomous/governance/v4-phase15-autonomous-authority-addendum-v1.json,provenance/governance/v4-phase15-autonomous-authority-addendum-v1.json,ship,"D-3: authority addenda, manifest, freeze inventory",1572,1433
B,governance,2025-06-27_Bayesian Mokken Scaling/paper-A-bayesian-scalability/codebase/research/v4/cluster-polytomous/governance/v4-phase17-empirical-application-authority-v1.json,provenance/governance/v4-phase17-empirical-application-authority-v1.json,ship,"D-3: authority addenda, manifest, freeze inventory",2065,2031
B,governance,2025-06-27_Bayesian Mokken Scaling/paper-A-bayesian-scalability/codebase/research/v4/cluster-polytomous/governance/v4-phase18-review-authority-v1.json,provenance/governance/v4-phase18-review-authority-v1.json,ship,"D-3: authority addenda, manifest, freeze inventory",2100,1821
B,governance,2025-06-27_Bayesian Mokken Scaling/paper-A-bayesian-scalability/codebase/research/v4/cluster-polytomous/governance/v4-source-and-freeze-inventory-v1.csv,provenance/governance/v4-source-and-freeze-inventory-v1.csv,ship,"D-3: authority addenda, manifest, freeze inventory",23579,23579
B,governance,2025-06-27_Bayesian Mokken Scaling/paper-A-bayesian-scalability/codebase/research/v4/cluster-polytomous/governance/v4-step14-1-foundation-receipt-v1.json,provenance/governance/v4-step14-1-foundation-receipt-v1.json,ship,"D-3: authority addenda, manifest, freeze inventory",1566,1566
B,governance,2025-06-27_Bayesian Mokken Scaling/paper-A-bayesian-scalability/codebase/research/v4/cluster-polytomous/governance/v4-step14-1-validation-checks-v1.csv,provenance/governance/v4-step14-1-validation-checks-v1.csv,ship,"D-3: authority addenda, manifest, freeze inventory",1372,1372
B,empirical,2025-06-27_Bayesian Mokken Scaling/paper-A-bayesian-scalability/codebase/research/v4/cluster-polytomous/empirical-swmdk/phase17/artifacts/v4-g17-decision-receipt-v1.json,data-frozen/empirical/artifacts/v4-g17-decision-receipt-v1.json,ship,SWMDK application locked artifacts,2258,2258
B,empirical,2025-06-27_Bayesian Mokken Scaling/paper-A-bayesian-scalability/codebase/research/v4/cluster-polytomous/empirical-swmdk/phase17/artifacts/v4-g17-gate-criteria-v1.csv,data-frozen/empirical/artifacts/v4-g17-gate-criteria-v1.csv,ship,SWMDK application locked artifacts,1455,1455
B,empirical,2025-06-27_Bayesian Mokken Scaling/paper-A-bayesian-scalability/codebase/research/v4/cluster-polytomous/empirical-swmdk/phase17/artifacts/v4-phase17-aws-execution-receipt-v1.json,data-frozen/empirical/artifacts/v4-phase17-aws-execution-receipt-v1.json,ship,SWMDK application locked artifacts,1532,1532
B,empirical,2025-06-27_Bayesian Mokken Scaling/paper-A-bayesian-scalability/codebase/research/v4/cluster-polytomous/empirical-swmdk/phase17/artifacts/v4-phase17-evidence-manifest-v1.csv,data-frozen/empirical/artifacts/v4-phase17-evidence-manifest-v1.csv,ship,SWMDK application locked artifacts,9253,9253
B,empirical,2025-06-27_Bayesian Mokken Scaling/paper-A-bayesian-scalability/codebase/research/v4/cluster-polytomous/empirical-swmdk/phase17/artifacts/v4-phase17-final-closure-checks-v1.csv,data-frozen/empirical/artifacts/v4-phase17-final-closure-checks-v1.csv,ship,SWMDK application locked artifacts,2234,2234
B,empirical,2025-06-27_Bayesian Mokken Scaling/paper-A-bayesian-scalability/codebase/research/v4/cluster-polytomous/empirical-swmdk/phase17/artifacts/v4-phase17-final-closure-receipt-v1.json,data-frozen/empirical/artifacts/v4-phase17-final-closure-receipt-v1.json,ship,SWMDK application locked artifacts,2452,2452
B,empirical,2025-06-27_Bayesian Mokken Scaling/paper-A-bayesian-scalability/codebase/research/v4/cluster-polytomous/empirical-swmdk/phase17/artifacts/v4-phase17-final-evidence-manifest-v1.csv,data-frozen/empirical/artifacts/v4-phase17-final-evidence-manifest-v1.csv,ship,SWMDK application locked artifacts,13517,13517
B,empirical,2025-06-27_Bayesian Mokken Scaling/paper-A-bayesian-scalability/codebase/research/v4/cluster-polytomous/empirical-swmdk/phase17/artifacts/v4-phase17-key-metrics-v1.json,data-frozen/empirical/artifacts/v4-phase17-key-metrics-v1.json,ship,SWMDK application locked artifacts,2377,2377
B,empirical,2025-06-27_Bayesian Mokken Scaling/paper-A-bayesian-scalability/codebase/research/v4/cluster-polytomous/empirical-swmdk/phase17/artifacts/v4-phase17-raw-manifest-v1.csv,data-frozen/empirical/artifacts/v4-phase17-raw-manifest-v1.csv,ship,SWMDK application locked artifacts,6274,6274
B,empirical,2025-06-27_Bayesian Mokken Scaling/paper-A-bayesian-scalability/codebase/research/v4/cluster-polytomous/empirical-swmdk/phase17/results/v4-phase17-category-profile-v1.csv,data-frozen/empirical/results/v4-phase17-category-profile-v1.csv,ship,SWMDK application results,2403,2403
B,empirical,2025-06-27_Bayesian Mokken Scaling/paper-A-bayesian-scalability/codebase/research/v4/cluster-polytomous/empirical-swmdk/phase17/results/v4-phase17-data-profile-v1.csv,data-frozen/empirical/results/v4-phase17-data-profile-v1.csv,ship,SWMDK application results,431,431
B,empirical,2025-06-27_Bayesian Mokken Scaling/paper-A-bayesian-scalability/codebase/research/v4/cluster-polytomous/empirical-swmdk/phase17/results/v4-phase17-icc-summary-v1.csv,data-frozen/empirical/results/v4-phase17-icc-summary-v1.csv,ship,SWMDK application results,142,142
B,empirical,2025-06-27_Bayesian Mokken Scaling/paper-A-bayesian-scalability/codebase/research/v4/cluster-polytomous/empirical-swmdk/phase17/results/v4-phase17-method-summary-v1.csv,data-frozen/empirical/results/v4-phase17-method-summary-v1.csv,ship,SWMDK application results,6081,6081
B,empirical,2025-06-27_Bayesian Mokken Scaling/paper-A-bayesian-scalability/codebase/research/v4/cluster-polytomous/empirical-swmdk/phase17/results/v4-phase17-quantile-stability-v1.csv,data-frozen/empirical/results/v4-phase17-quantile-stability-v1.csv,ship,SWMDK application results,990,990
B,empirical,2025-06-27_Bayesian Mokken Scaling/paper-A-bayesian-scalability/codebase/research/v4/cluster-polytomous/empirical-swmdk/phase17/results/v4-phase17-target-knot-diagnostics-v1.csv,data-frozen/empirical/results/v4-phase17-target-knot-diagnostics-v1.csv,ship,SWMDK application results,406,406
B,empirical,2025-06-27_Bayesian Mokken Scaling/paper-A-bayesian-scalability/codebase/research/v4/cluster-polytomous/empirical-swmdk/phase17/protocol/build-phase17-execution-code-lock-v1.R,provenance/governance/protocol/phase17/build-phase17-execution-code-lock-v1.R,ship,application protocol,4247,4247
B,empirical,2025-06-27_Bayesian Mokken Scaling/paper-A-bayesian-scalability/codebase/research/v4/cluster-polytomous/empirical-swmdk/phase17/protocol/build-phase17-protocol-lock-v1.R,provenance/governance/protocol/phase17/build-phase17-protocol-lock-v1.R,ship,application protocol,5783,5783
B,empirical,2025-06-27_Bayesian Mokken Scaling/paper-A-bayesian-scalability/codebase/research/v4/cluster-polytomous/empirical-swmdk/phase17/protocol/v4-phase17-execution-code-lock-v1.json,provenance/governance/protocol/phase17/v4-phase17-execution-code-lock-v1.json,ship,application protocol,3669,3669
B,empirical,2025-06-27_Bayesian Mokken Scaling/paper-A-bayesian-scalability/codebase/research/v4/cluster-polytomous/empirical-swmdk/phase17/protocol/v4-phase17-protocol-lock-receipt-v1.json,provenance/governance/protocol/phase17/v4-phase17-protocol-lock-receipt-v1.json,ship,application protocol,2318,2318
B,empirical,2025-06-27_Bayesian Mokken Scaling/paper-A-bayesian-scalability/codebase/research/v4/cluster-polytomous/empirical-swmdk/phase17/protocol/v4-phase17-swmdk-empirical-protocol-v1.yml,provenance/governance/protocol/phase17/v4-phase17-swmdk-empirical-protocol-v1.yml,ship,application protocol,4325,4325
B,empirical,2025-06-27_Bayesian Mokken Scaling/paper-A-bayesian-scalability/codebase/research/v4/cluster-polytomous/empirical-swmdk/phase17/protocol/v4-phase17-task-design-v1.csv,provenance/governance/protocol/phase17/v4-phase17-task-design-v1.csv,ship,application protocol,970,970
B,reference-code,2025-06-27_Bayesian Mokken Scaling/paper-A-bayesian-scalability/codebase/research/v4/cluster-polytomous/R/core/knot-diagnostics.R,reference-code/R/core/knot-diagnostics.R,ship,annotated reference implementation; never sourced (carries the ordinal-h defect banner),2146,3034
B,reference-code,2025-06-27_Bayesian Mokken Scaling/paper-A-bayesian-scalability/codebase/research/v4/cluster-polytomous/R/core/ordinal-h.R,reference-code/R/core/ordinal-h.R,ship,annotated reference implementation; never sourced (carries the ordinal-h defect banner),8053,12097
B,reference-code,2025-06-27_Bayesian Mokken Scaling/paper-A-bayesian-scalability/codebase/research/v4/cluster-polytomous/R/dgp/clustered-ordinal-dgp.R,reference-code/R/dgp/clustered-ordinal-dgp.R,ship,annotated reference implementation; never sourced (carries the ordinal-h defect banner),7013,7901
B,reference-code,2025-06-27_Bayesian Mokken Scaling/paper-A-bayesian-scalability/codebase/research/v4/cluster-polytomous/R/dgp/phase15-clustered-ordinal-dgp.R,reference-code/R/dgp/phase15-clustered-ordinal-dgp.R,ship,annotated reference implementation; never sourced (carries the ordinal-h defect banner),6594,7482
B,reference-code,2025-06-27_Bayesian Mokken Scaling/paper-A-bayesian-scalability/codebase/research/v4/cluster-polytomous/R/evaluation/intervals-and-comparators.R,reference-code/R/evaluation/intervals-and-comparators.R,ship,annotated reference implementation; never sourced (carries the ordinal-h defect banner),3666,4554
B,reference-code,2025-06-27_Bayesian Mokken Scaling/paper-A-bayesian-scalability/codebase/research/v4/cluster-polytomous/R/evaluation/phase15-calibration.R,reference-code/R/evaluation/phase15-calibration.R,ship,annotated reference implementation; never sourced (carries the ordinal-h defect banner),3002,3890
B,reference-code,2025-06-27_Bayesian Mokken Scaling/paper-A-bayesian-scalability/codebase/research/v4/cluster-polytomous/R/weights/cluster-weights.R,reference-code/R/weights/cluster-weights.R,ship,annotated reference implementation; never sourced (carries the ordinal-h defect banner),9060,9948
B,reference-code,2025-06-27_Bayesian Mokken Scaling/paper-A-bayesian-scalability/codebase/research/v4/cluster-polytomous/confirmatory/authorize-phase16-fresh-confirmation-v1.R,reference-code/phase16/authorize-phase16-fresh-confirmation-v1.R,ship,Phase 16 runner and evaluator scripts,4640,5383
B,reference-code,2025-06-27_Bayesian Mokken Scaling/paper-A-bayesian-scalability/codebase/research/v4/cluster-polytomous/confirmatory/build-phase16-protocol-ready-gate-v1.R,reference-code/phase16/build-phase16-protocol-ready-gate-v1.R,ship,Phase 16 runner and evaluator scripts,24453,25341
B,reference-code,2025-06-27_Bayesian Mokken Scaling/paper-A-bayesian-scalability/codebase/research/v4/cluster-polytomous/confirmatory/evaluate-phase16-confirmation-v1.R,reference-code/phase16/evaluate-phase16-confirmation-v1.R,ship,Phase 16 runner and evaluator scripts,9462,10350
B,reference-code,2025-06-27_Bayesian Mokken Scaling/paper-A-bayesian-scalability/codebase/research/v4/cluster-polytomous/confirmatory/finalize-phase16-confirmation-v1.R,reference-code/phase16/finalize-phase16-confirmation-v1.R,ship,Phase 16 runner and evaluator scripts,22499,23387
B,reference-code,2025-06-27_Bayesian Mokken Scaling/paper-A-bayesian-scalability/codebase/research/v4/cluster-polytomous/confirmatory/run-phase16-authorized-aws-v1.sh,reference-code/phase16/run-phase16-authorized-aws-v1.sh,ship,Phase 16 runner and evaluator scripts,1587,2475
B,reference-code,2025-06-27_Bayesian Mokken Scaling/paper-A-bayesian-scalability/codebase/research/v4/cluster-polytomous/confirmatory/run-phase16-aws-v1.sh,reference-code/phase16/run-phase16-aws-v1.sh,ship,Phase 16 runner and evaluator scripts,1179,2067
B,reference-code,2025-06-27_Bayesian Mokken Scaling/paper-A-bayesian-scalability/codebase/research/v4/cluster-polytomous/confirmatory/run-phase16-cell-v1.R,reference-code/phase16/run-phase16-cell-v1.R,ship,Phase 16 runner and evaluator scripts,12356,13244
B,confirmatory,2025-06-27_Bayesian Mokken Scaling/paper-A-bayesian-scalability/codebase/research/v4/cluster-polytomous/confirmatory/v4-phase16-confirmation-design-v1.csv,data-frozen/confirmatory/v4-phase16-confirmation-design-v1.csv,ship,"Phase 16 design, protocol and authority",1731,1731
B,confirmatory,2025-06-27_Bayesian Mokken Scaling/paper-A-bayesian-scalability/codebase/research/v4/cluster-polytomous/confirmatory/v4-phase16-confirmation-protocol-v1.yml,data-frozen/confirmatory/v4-phase16-confirmation-protocol-v1.yml,ship,"Phase 16 design, protocol and authority",3024,3024
B,confirmatory,2025-06-27_Bayesian Mokken Scaling/paper-A-bayesian-scalability/codebase/research/v4/cluster-polytomous/confirmatory/v4-phase16-fresh-confirmation-authority-v1.json,data-frozen/confirmatory/v4-phase16-fresh-confirmation-authority-v1.json,ship,"Phase 16 design, protocol and authority",2249,2133
B,confirmatory-raw,2025-06-27_Bayesian Mokken Scaling/paper-A-bayesian-scalability/codebase/research/v4/cluster-polytomous/confirmatory/aws-raw/P16-C001-receipt-v1.json,data-frozen/confirmatory-raw/P16-C001-receipt-v1.json,ship,per-cell truth and receipt provenance,834,834
B,confirmatory-raw,2025-06-27_Bayesian Mokken Scaling/paper-A-bayesian-scalability/codebase/research/v4/cluster-polytomous/confirmatory/aws-raw/P16-C001-replications-v1.csv,data-frozen/confirmatory-raw/P16-C001-replications-v1.csv.gz,gzip,"read by 01_build_key_numbers.R via list.files(); 86,400 rows derive the 48-row all-cell table",1451466,196551
B,confirmatory-raw,2025-06-27_Bayesian Mokken Scaling/paper-A-bayesian-scalability/codebase/research/v4/cluster-polytomous/confirmatory/aws-raw/P16-C001-truth-v1.csv,data-frozen/confirmatory-raw/P16-C001-truth-v1.csv,ship,per-cell truth and receipt provenance,409,409
B,confirmatory-raw,2025-06-27_Bayesian Mokken Scaling/paper-A-bayesian-scalability/codebase/research/v4/cluster-polytomous/confirmatory/aws-raw/P16-C002-receipt-v1.json,data-frozen/confirmatory-raw/P16-C002-receipt-v1.json,ship,per-cell truth and receipt provenance,835,835
B,confirmatory-raw,2025-06-27_Bayesian Mokken Scaling/paper-A-bayesian-scalability/codebase/research/v4/cluster-polytomous/confirmatory/aws-raw/P16-C002-replications-v1.csv,data-frozen/confirmatory-raw/P16-C002-replications-v1.csv.gz,gzip,"read by 01_build_key_numbers.R via list.files(); 86,400 rows derive the 48-row all-cell table",1533654,211481
B,confirmatory-raw,2025-06-27_Bayesian Mokken Scaling/paper-A-bayesian-scalability/codebase/research/v4/cluster-polytomous/confirmatory/aws-raw/P16-C002-truth-v1.csv,data-frozen/confirmatory-raw/P16-C002-truth-v1.csv,ship,per-cell truth and receipt provenance,407,407
B,confirmatory-raw,2025-06-27_Bayesian Mokken Scaling/paper-A-bayesian-scalability/codebase/research/v4/cluster-polytomous/confirmatory/aws-raw/P16-C003-receipt-v1.json,data-frozen/confirmatory-raw/P16-C003-receipt-v1.json,ship,per-cell truth and receipt provenance,835,835
B,confirmatory-raw,2025-06-27_Bayesian Mokken Scaling/paper-A-bayesian-scalability/codebase/research/v4/cluster-polytomous/confirmatory/aws-raw/P16-C003-replications-v1.csv,data-frozen/confirmatory-raw/P16-C003-replications-v1.csv.gz,gzip,"read by 01_build_key_numbers.R via list.files(); 86,400 rows derive the 48-row all-cell table",1572176,211453
B,confirmatory-raw,2025-06-27_Bayesian Mokken Scaling/paper-A-bayesian-scalability/codebase/research/v4/cluster-polytomous/confirmatory/aws-raw/P16-C003-truth-v1.csv,data-frozen/confirmatory-raw/P16-C003-truth-v1.csv,ship,per-cell truth and receipt provenance,410,410
B,confirmatory-raw,2025-06-27_Bayesian Mokken Scaling/paper-A-bayesian-scalability/codebase/research/v4/cluster-polytomous/confirmatory/aws-raw/P16-C004-receipt-v1.json,data-frozen/confirmatory-raw/P16-C004-receipt-v1.json,ship,per-cell truth and receipt provenance,835,835
B,confirmatory-raw,2025-06-27_Bayesian Mokken Scaling/paper-A-bayesian-scalability/codebase/research/v4/cluster-polytomous/confirmatory/aws-raw/P16-C004-replications-v1.csv,data-frozen/confirmatory-raw/P16-C004-replications-v1.csv.gz,gzip,"read by 01_build_key_numbers.R via list.files(); 86,400 rows derive the 48-row all-cell table",1567952,211350
B,confirmatory-raw,2025-06-27_Bayesian Mokken Scaling/paper-A-bayesian-scalability/codebase/research/v4/cluster-polytomous/confirmatory/aws-raw/P16-C004-truth-v1.csv,data-frozen/confirmatory-raw/P16-C004-truth-v1.csv,ship,per-cell truth and receipt provenance,410,410
B,confirmatory-raw,2025-06-27_Bayesian Mokken Scaling/paper-A-bayesian-scalability/codebase/research/v4/cluster-polytomous/confirmatory/aws-raw/P16-C005-receipt-v1.json,data-frozen/confirmatory-raw/P16-C005-receipt-v1.json,ship,per-cell truth and receipt provenance,835,835
B,confirmatory-raw,2025-06-27_Bayesian Mokken Scaling/paper-A-bayesian-scalability/codebase/research/v4/cluster-polytomous/confirmatory/aws-raw/P16-C005-replications-v1.csv,data-frozen/confirmatory-raw/P16-C005-replications-v1.csv.gz,gzip,"read by 01_build_key_numbers.R via list.files(); 86,400 rows derive the 48-row all-cell table",1438171,195051
B,confirmatory-raw,2025-06-27_Bayesian Mokken Scaling/paper-A-bayesian-scalability/codebase/research/v4/cluster-polytomous/confirmatory/aws-raw/P16-C005-truth-v1.csv,data-frozen/confirmatory-raw/P16-C005-truth-v1.csv,ship,per-cell truth and receipt provenance,377,377
B,confirmatory-raw,2025-06-27_Bayesian Mokken Scaling/paper-A-bayesian-scalability/codebase/research/v4/cluster-polytomous/confirmatory/aws-raw/P16-C006-receipt-v1.json,data-frozen/confirmatory-raw/P16-C006-receipt-v1.json,ship,per-cell truth and receipt provenance,834,834
B,confirmatory-raw,2025-06-27_Bayesian Mokken Scaling/paper-A-bayesian-scalability/codebase/research/v4/cluster-polytomous/confirmatory/aws-raw/P16-C006-replications-v1.csv,data-frozen/confirmatory-raw/P16-C006-replications-v1.csv.gz,gzip,"read by 01_build_key_numbers.R via list.files(); 86,400 rows derive the 48-row all-cell table",1531194,211134
B,confirmatory-raw,2025-06-27_Bayesian Mokken Scaling/paper-A-bayesian-scalability/codebase/research/v4/cluster-polytomous/confirmatory/aws-raw/P16-C006-truth-v1.csv,data-frozen/confirmatory-raw/P16-C006-truth-v1.csv,ship,per-cell truth and receipt provenance,407,407
B,confirmatory-raw,2025-06-27_Bayesian Mokken Scaling/paper-A-bayesian-scalability/codebase/research/v4/cluster-polytomous/confirmatory/aws-raw/P16-C007-receipt-v1.json,data-frozen/confirmatory-raw/P16-C007-receipt-v1.json,ship,per-cell truth and receipt provenance,835,835
B,confirmatory-raw,2025-06-27_Bayesian Mokken Scaling/paper-A-bayesian-scalability/codebase/research/v4/cluster-polytomous/confirmatory/aws-raw/P16-C007-replications-v1.csv,data-frozen/confirmatory-raw/P16-C007-replications-v1.csv.gz,gzip,"read by 01_build_key_numbers.R via list.files(); 86,400 rows derive the 48-row all-cell table",1568831,211666
B,confirmatory-raw,2025-06-27_Bayesian Mokken Scaling/paper-A-bayesian-scalability/codebase/research/v4/cluster-polytomous/confirmatory/aws-raw/P16-C007-truth-v1.csv,data-frozen/confirmatory-raw/P16-C007-truth-v1.csv,ship,per-cell truth and receipt provenance,408,408
B,confirmatory-raw,2025-06-27_Bayesian Mokken Scaling/paper-A-bayesian-scalability/codebase/research/v4/cluster-polytomous/confirmatory/aws-raw/P16-C008-receipt-v1.json,data-frozen/confirmatory-raw/P16-C008-receipt-v1.json,ship,per-cell truth and receipt provenance,835,835
B,confirmatory-raw,2025-06-27_Bayesian Mokken Scaling/paper-A-bayesian-scalability/codebase/research/v4/cluster-polytomous/confirmatory/aws-raw/P16-C008-replications-v1.csv,data-frozen/confirmatory-raw/P16-C008-replications-v1.csv.gz,gzip,"read by 01_build_key_numbers.R via list.files(); 86,400 rows derive the 48-row all-cell table",1470194,195380
B,confirmatory-raw,2025-06-27_Bayesian Mokken Scaling/paper-A-bayesian-scalability/codebase/research/v4/cluster-polytomous/confirmatory/aws-raw/P16-C008-truth-v1.csv,data-frozen/confirmatory-raw/P16-C008-truth-v1.csv,ship,per-cell truth and receipt provenance,405,405
B,confirmatory-raw,2025-06-27_Bayesian Mokken Scaling/paper-A-bayesian-scalability/codebase/research/v4/cluster-polytomous/confirmatory/aws-raw/P16-C009-receipt-v1.json,data-frozen/confirmatory-raw/P16-C009-receipt-v1.json,ship,per-cell truth and receipt provenance,835,835
B,confirmatory-raw,2025-06-27_Bayesian Mokken Scaling/paper-A-bayesian-scalability/codebase/research/v4/cluster-polytomous/confirmatory/aws-raw/P16-C009-replications-v1.csv,data-frozen/confirmatory-raw/P16-C009-replications-v1.csv.gz,gzip,"read by 01_build_key_numbers.R via list.files(); 86,400 rows derive the 48-row all-cell table",1540441,212603
B,confirmatory-raw,2025-06-27_Bayesian Mokken Scaling/paper-A-bayesian-scalability/codebase/research/v4/cluster-polytomous/confirmatory/aws-raw/P16-C009-truth-v1.csv,data-frozen/confirmatory-raw/P16-C009-truth-v1.csv,ship,per-cell truth and receipt provenance,407,407
B,confirmatory-raw,2025-06-27_Bayesian Mokken Scaling/paper-A-bayesian-scalability/codebase/research/v4/cluster-polytomous/confirmatory/aws-raw/P16-C010-receipt-v1.json,data-frozen/confirmatory-raw/P16-C010-receipt-v1.json,ship,per-cell truth and receipt provenance,836,836
B,confirmatory-raw,2025-06-27_Bayesian Mokken Scaling/paper-A-bayesian-scalability/codebase/research/v4/cluster-polytomous/confirmatory/aws-raw/P16-C010-replications-v1.csv,data-frozen/confirmatory-raw/P16-C010-replications-v1.csv.gz,gzip,"read by 01_build_key_numbers.R via list.files(); 86,400 rows derive the 48-row all-cell table",1473741,195675
B,confirmatory-raw,2025-06-27_Bayesian Mokken Scaling/paper-A-bayesian-scalability/codebase/research/v4/cluster-polytomous/confirmatory/aws-raw/P16-C010-truth-v1.csv,data-frozen/confirmatory-raw/P16-C010-truth-v1.csv,ship,per-cell truth and receipt provenance,407,407
B,confirmatory-raw,2025-06-27_Bayesian Mokken Scaling/paper-A-bayesian-scalability/codebase/research/v4/cluster-polytomous/confirmatory/aws-raw/P16-C011-receipt-v1.json,data-frozen/confirmatory-raw/P16-C011-receipt-v1.json,ship,per-cell truth and receipt provenance,836,836
B,confirmatory-raw,2025-06-27_Bayesian Mokken Scaling/paper-A-bayesian-scalability/codebase/research/v4/cluster-polytomous/confirmatory/aws-raw/P16-C011-replications-v1.csv,data-frozen/confirmatory-raw/P16-C011-replications-v1.csv.gz,gzip,"read by 01_build_key_numbers.R via list.files(); 86,400 rows derive the 48-row all-cell table",1513347,210205
B,confirmatory-raw,2025-06-27_Bayesian Mokken Scaling/paper-A-bayesian-scalability/codebase/research/v4/cluster-polytomous/confirmatory/aws-raw/P16-C011-truth-v1.csv,data-frozen/confirmatory-raw/P16-C011-truth-v1.csv,ship,per-cell truth and receipt provenance,377,377
B,confirmatory-raw,2025-06-27_Bayesian Mokken Scaling/paper-A-bayesian-scalability/codebase/research/v4/cluster-polytomous/confirmatory/aws-raw/P16-C012-receipt-v1.json,data-frozen/confirmatory-raw/P16-C012-receipt-v1.json,ship,per-cell truth and receipt provenance,836,836
B,confirmatory-raw,2025-06-27_Bayesian Mokken Scaling/paper-A-bayesian-scalability/codebase/research/v4/cluster-polytomous/confirmatory/aws-raw/P16-C012-replications-v1.csv,data-frozen/confirmatory-raw/P16-C012-replications-v1.csv.gz,gzip,"read by 01_build_key_numbers.R via list.files(); 86,400 rows derive the 48-row all-cell table",1583833,212444
B,confirmatory-raw,2025-06-27_Bayesian Mokken Scaling/paper-A-bayesian-scalability/codebase/research/v4/cluster-polytomous/confirmatory/aws-raw/P16-C012-truth-v1.csv,data-frozen/confirmatory-raw/P16-C012-truth-v1.csv,ship,per-cell truth and receipt provenance,406,406
B,confirmatory-raw,2025-06-27_Bayesian Mokken Scaling/paper-A-bayesian-scalability/codebase/research/v4/cluster-polytomous/confirmatory/aws-raw/P16-C013-receipt-v1.json,data-frozen/confirmatory-raw/P16-C013-receipt-v1.json,ship,per-cell truth and receipt provenance,836,836
B,confirmatory-raw,2025-06-27_Bayesian Mokken Scaling/paper-A-bayesian-scalability/codebase/research/v4/cluster-polytomous/confirmatory/aws-raw/P16-C013-replications-v1.csv,data-frozen/confirmatory-raw/P16-C013-replications-v1.csv.gz,gzip,"read by 01_build_key_numbers.R via list.files(); 86,400 rows derive the 48-row all-cell table",1541633,211391
B,confirmatory-raw,2025-06-27_Bayesian Mokken Scaling/paper-A-bayesian-scalability/codebase/research/v4/cluster-polytomous/confirmatory/aws-raw/P16-C013-truth-v1.csv,data-frozen/confirmatory-raw/P16-C013-truth-v1.csv,ship,per-cell truth and receipt provenance,407,407
B,confirmatory-raw,2025-06-27_Bayesian Mokken Scaling/paper-A-bayesian-scalability/codebase/research/v4/cluster-polytomous/confirmatory/aws-raw/P16-C014-receipt-v1.json,data-frozen/confirmatory-raw/P16-C014-receipt-v1.json,ship,per-cell truth and receipt provenance,836,836
B,confirmatory-raw,2025-06-27_Bayesian Mokken Scaling/paper-A-bayesian-scalability/codebase/research/v4/cluster-polytomous/confirmatory/aws-raw/P16-C014-replications-v1.csv,data-frozen/confirmatory-raw/P16-C014-replications-v1.csv.gz,gzip,"read by 01_build_key_numbers.R via list.files(); 86,400 rows derive the 48-row all-cell table",1571343,212258
B,confirmatory-raw,2025-06-27_Bayesian Mokken Scaling/paper-A-bayesian-scalability/codebase/research/v4/cluster-polytomous/confirmatory/aws-raw/P16-C014-truth-v1.csv,data-frozen/confirmatory-raw/P16-C014-truth-v1.csv,ship,per-cell truth and receipt provenance,409,409
B,confirmatory-raw,2025-06-27_Bayesian Mokken Scaling/paper-A-bayesian-scalability/codebase/research/v4/cluster-polytomous/confirmatory/aws-raw/P16-C015-receipt-v1.json,data-frozen/confirmatory-raw/P16-C015-receipt-v1.json,ship,per-cell truth and receipt provenance,836,836
B,confirmatory-raw,2025-06-27_Bayesian Mokken Scaling/paper-A-bayesian-scalability/codebase/research/v4/cluster-polytomous/confirmatory/aws-raw/P16-C015-replications-v1.csv,data-frozen/confirmatory-raw/P16-C015-replications-v1.csv.gz,gzip,"read by 01_build_key_numbers.R via list.files(); 86,400 rows derive the 48-row all-cell table",1478051,196841
B,confirmatory-raw,2025-06-27_Bayesian Mokken Scaling/paper-A-bayesian-scalability/codebase/research/v4/cluster-polytomous/confirmatory/aws-raw/P16-C015-truth-v1.csv,data-frozen/confirmatory-raw/P16-C015-truth-v1.csv,ship,per-cell truth and receipt provenance,407,407
B,confirmatory-raw,2025-06-27_Bayesian Mokken Scaling/paper-A-bayesian-scalability/codebase/research/v4/cluster-polytomous/confirmatory/aws-raw/P16-C016-receipt-v1.json,data-frozen/confirmatory-raw/P16-C016-receipt-v1.json,ship,per-cell truth and receipt provenance,836,836
B,confirmatory-raw,2025-06-27_Bayesian Mokken Scaling/paper-A-bayesian-scalability/codebase/research/v4/cluster-polytomous/confirmatory/aws-raw/P16-C016-replications-v1.csv,data-frozen/confirmatory-raw/P16-C016-replications-v1.csv.gz,gzip,"read by 01_build_key_numbers.R via list.files(); 86,400 rows derive the 48-row all-cell table",1584499,212047
B,confirmatory-raw,2025-06-27_Bayesian Mokken Scaling/paper-A-bayesian-scalability/codebase/research/v4/cluster-polytomous/confirmatory/aws-raw/P16-C016-truth-v1.csv,data-frozen/confirmatory-raw/P16-C016-truth-v1.csv,ship,per-cell truth and receipt provenance,409,409
B,confirmatory-raw,2025-06-27_Bayesian Mokken Scaling/paper-A-bayesian-scalability/codebase/research/v4/cluster-polytomous/confirmatory/aws-raw/P16-C017-receipt-v1.json,data-frozen/confirmatory-raw/P16-C017-receipt-v1.json,ship,per-cell truth and receipt provenance,836,836
B,confirmatory-raw,2025-06-27_Bayesian Mokken Scaling/paper-A-bayesian-scalability/codebase/research/v4/cluster-polytomous/confirmatory/aws-raw/P16-C017-replications-v1.csv,data-frozen/confirmatory-raw/P16-C017-replications-v1.csv.gz,gzip,"read by 01_build_key_numbers.R via list.files(); 86,400 rows derive the 48-row all-cell table",1552733,210518
B,confirmatory-raw,2025-06-27_Bayesian Mokken Scaling/paper-A-bayesian-scalability/codebase/research/v4/cluster-polytomous/confirmatory/aws-raw/P16-C017-truth-v1.csv,data-frozen/confirmatory-raw/P16-C017-truth-v1.csv,ship,per-cell truth and receipt provenance,373,373
B,confirmatory-raw,2025-06-27_Bayesian Mokken Scaling/paper-A-bayesian-scalability/codebase/research/v4/cluster-polytomous/confirmatory/aws-raw/P16-C018-receipt-v1.json,data-frozen/confirmatory-raw/P16-C018-receipt-v1.json,ship,per-cell truth and receipt provenance,835,835
B,confirmatory-raw,2025-06-27_Bayesian Mokken Scaling/paper-A-bayesian-scalability/codebase/research/v4/cluster-polytomous/confirmatory/aws-raw/P16-C018-replications-v1.csv,data-frozen/confirmatory-raw/P16-C018-replications-v1.csv.gz,gzip,"read by 01_build_key_numbers.R via list.files(); 86,400 rows derive the 48-row all-cell table",1583316,212536
B,confirmatory-raw,2025-06-27_Bayesian Mokken Scaling/paper-A-bayesian-scalability/codebase/research/v4/cluster-polytomous/confirmatory/aws-raw/P16-C018-truth-v1.csv,data-frozen/confirmatory-raw/P16-C018-truth-v1.csv,ship,per-cell truth and receipt provenance,407,407
B,confirmatory-raw,2025-06-27_Bayesian Mokken Scaling/paper-A-bayesian-scalability/codebase/research/v4/cluster-polytomous/confirmatory/aws-raw/P16-C019-receipt-v1.json,data-frozen/confirmatory-raw/P16-C019-receipt-v1.json,ship,per-cell truth and receipt provenance,836,836
B,confirmatory-raw,2025-06-27_Bayesian Mokken Scaling/paper-A-bayesian-scalability/codebase/research/v4/cluster-polytomous/confirmatory/aws-raw/P16-C019-replications-v1.csv,data-frozen/confirmatory-raw/P16-C019-replications-v1.csv.gz,gzip,"read by 01_build_key_numbers.R via list.files(); 86,400 rows derive the 48-row all-cell table",1580431,211642
B,confirmatory-raw,2025-06-27_Bayesian Mokken Scaling/paper-A-bayesian-scalability/codebase/research/v4/cluster-polytomous/confirmatory/aws-raw/P16-C019-truth-v1.csv,data-frozen/confirmatory-raw/P16-C019-truth-v1.csv,ship,per-cell truth and receipt provenance,411,411
B,confirmatory-raw,2025-06-27_Bayesian Mokken Scaling/paper-A-bayesian-scalability/codebase/research/v4/cluster-polytomous/confirmatory/aws-raw/P16-C020-receipt-v1.json,data-frozen/confirmatory-raw/P16-C020-receipt-v1.json,ship,per-cell truth and receipt provenance,836,836
B,confirmatory-raw,2025-06-27_Bayesian Mokken Scaling/paper-A-bayesian-scalability/codebase/research/v4/cluster-polytomous/confirmatory/aws-raw/P16-C020-replications-v1.csv,data-frozen/confirmatory-raw/P16-C020-replications-v1.csv.gz,gzip,"read by 01_build_key_numbers.R via list.files(); 86,400 rows derive the 48-row all-cell table",1468788,195171
B,confirmatory-raw,2025-06-27_Bayesian Mokken Scaling/paper-A-bayesian-scalability/codebase/research/v4/cluster-polytomous/confirmatory/aws-raw/P16-C020-truth-v1.csv,data-frozen/confirmatory-raw/P16-C020-truth-v1.csv,ship,per-cell truth and receipt provenance,407,407
B,confirmatory-raw,2025-06-27_Bayesian Mokken Scaling/paper-A-bayesian-scalability/codebase/research/v4/cluster-polytomous/confirmatory/aws-raw/P16-C021-receipt-v1.json,data-frozen/confirmatory-raw/P16-C021-receipt-v1.json,ship,per-cell truth and receipt provenance,836,836
B,confirmatory-raw,2025-06-27_Bayesian Mokken Scaling/paper-A-bayesian-scalability/codebase/research/v4/cluster-polytomous/confirmatory/aws-raw/P16-C021-replications-v1.csv,data-frozen/confirmatory-raw/P16-C021-replications-v1.csv.gz,gzip,"read by 01_build_key_numbers.R via list.files(); 86,400 rows derive the 48-row all-cell table",1546716,211780
B,confirmatory-raw,2025-06-27_Bayesian Mokken Scaling/paper-A-bayesian-scalability/codebase/research/v4/cluster-polytomous/confirmatory/aws-raw/P16-C021-truth-v1.csv,data-frozen/confirmatory-raw/P16-C021-truth-v1.csv,ship,per-cell truth and receipt provenance,405,405
B,confirmatory-raw,2025-06-27_Bayesian Mokken Scaling/paper-A-bayesian-scalability/codebase/research/v4/cluster-polytomous/confirmatory/aws-raw/P16-C022-receipt-v1.json,data-frozen/confirmatory-raw/P16-C022-receipt-v1.json,ship,per-cell truth and receipt provenance,836,836
B,confirmatory-raw,2025-06-27_Bayesian Mokken Scaling/paper-A-bayesian-scalability/codebase/research/v4/cluster-polytomous/confirmatory/aws-raw/P16-C022-replications-v1.csv,data-frozen/confirmatory-raw/P16-C022-replications-v1.csv.gz,gzip,"read by 01_build_key_numbers.R via list.files(); 86,400 rows derive the 48-row all-cell table",1577834,211699
B,confirmatory-raw,2025-06-27_Bayesian Mokken Scaling/paper-A-bayesian-scalability/codebase/research/v4/cluster-polytomous/confirmatory/aws-raw/P16-C022-truth-v1.csv,data-frozen/confirmatory-raw/P16-C022-truth-v1.csv,ship,per-cell truth and receipt provenance,408,408
B,confirmatory-raw,2025-06-27_Bayesian Mokken Scaling/paper-A-bayesian-scalability/codebase/research/v4/cluster-polytomous/confirmatory/aws-raw/P16-C023-receipt-v1.json,data-frozen/confirmatory-raw/P16-C023-receipt-v1.json,ship,per-cell truth and receipt provenance,836,836
B,confirmatory-raw,2025-06-27_Bayesian Mokken Scaling/paper-A-bayesian-scalability/codebase/research/v4/cluster-polytomous/confirmatory/aws-raw/P16-C023-replications-v1.csv,data-frozen/confirmatory-raw/P16-C023-replications-v1.csv.gz,gzip,"read by 01_build_key_numbers.R via list.files(); 86,400 rows derive the 48-row all-cell table",1457631,194686
B,confirmatory-raw,2025-06-27_Bayesian Mokken Scaling/paper-A-bayesian-scalability/codebase/research/v4/cluster-polytomous/confirmatory/aws-raw/P16-C023-truth-v1.csv,data-frozen/confirmatory-raw/P16-C023-truth-v1.csv,ship,per-cell truth and receipt provenance,377,377
B,confirmatory-raw,2025-06-27_Bayesian Mokken Scaling/paper-A-bayesian-scalability/codebase/research/v4/cluster-polytomous/confirmatory/aws-raw/P16-C024-receipt-v1.json,data-frozen/confirmatory-raw/P16-C024-receipt-v1.json,ship,per-cell truth and receipt provenance,836,836
B,confirmatory-raw,2025-06-27_Bayesian Mokken Scaling/paper-A-bayesian-scalability/codebase/research/v4/cluster-polytomous/confirmatory/aws-raw/P16-C024-replications-v1.csv,data-frozen/confirmatory-raw/P16-C024-replications-v1.csv.gz,gzip,"read by 01_build_key_numbers.R via list.files(); 86,400 rows derive the 48-row all-cell table",1539710,211389
B,confirmatory-raw,2025-06-27_Bayesian Mokken Scaling/paper-A-bayesian-scalability/codebase/research/v4/cluster-polytomous/confirmatory/aws-raw/P16-C024-truth-v1.csv,data-frozen/confirmatory-raw/P16-C024-truth-v1.csv,ship,per-cell truth and receipt provenance,407,407
B,empirical-raw,2025-06-27_Bayesian Mokken Scaling/paper-A-bayesian-scalability/codebase/research/v4/cluster-polytomous/empirical-swmdk/phase17/aws-raw/P17-T01-batch-manifest-v1.csv,data-frozen/empirical/aws-raw/P17-T01-batch-manifest-v1.csv,ship,manuscript promise: complete raw draw streams of the application,5849,5849
B,empirical-raw,2025-06-27_Bayesian Mokken Scaling/paper-A-bayesian-scalability/codebase/research/v4/cluster-polytomous/empirical-swmdk/phase17/aws-raw/P17-T01-draws-v1.csv.gz,data-frozen/empirical/aws-raw/P17-T01-draws-v1.csv.gz,ship,manuscript promise: complete raw draw streams of the application,1542223,1542223
B,empirical-raw,2025-06-27_Bayesian Mokken Scaling/paper-A-bayesian-scalability/codebase/research/v4/cluster-polytomous/empirical-swmdk/phase17/aws-raw/P17-T01-receipt-v1.json,data-frozen/empirical/aws-raw/P17-T01-receipt-v1.json,ship,manuscript promise: complete raw draw streams of the application,1363,1363
B,empirical-raw,2025-06-27_Bayesian Mokken Scaling/paper-A-bayesian-scalability/codebase/research/v4/cluster-polytomous/empirical-swmdk/phase17/aws-raw/P17-T02-batch-manifest-v1.csv,data-frozen/empirical/aws-raw/P17-T02-batch-manifest-v1.csv,ship,manuscript promise: complete raw draw streams of the application,5849,5849
B,empirical-raw,2025-06-27_Bayesian Mokken Scaling/paper-A-bayesian-scalability/codebase/research/v4/cluster-polytomous/empirical-swmdk/phase17/aws-raw/P17-T02-draws-v1.csv.gz,data-frozen/empirical/aws-raw/P17-T02-draws-v1.csv.gz,ship,manuscript promise: complete raw draw streams of the application,1537055,1537055
B,empirical-raw,2025-06-27_Bayesian Mokken Scaling/paper-A-bayesian-scalability/codebase/research/v4/cluster-polytomous/empirical-swmdk/phase17/aws-raw/P17-T02-receipt-v1.json,data-frozen/empirical/aws-raw/P17-T02-receipt-v1.json,ship,manuscript promise: complete raw draw streams of the application,1368,1368
B,empirical-raw,2025-06-27_Bayesian Mokken Scaling/paper-A-bayesian-scalability/codebase/research/v4/cluster-polytomous/empirical-swmdk/phase17/aws-raw/P17-T03-batch-manifest-v1.csv,data-frozen/empirical/aws-raw/P17-T03-batch-manifest-v1.csv,ship,manuscript promise: complete raw draw streams of the application,5849,5849
B,empirical-raw,2025-06-27_Bayesian Mokken Scaling/paper-A-bayesian-scalability/codebase/research/v4/cluster-polytomous/empirical-swmdk/phase17/aws-raw/P17-T03-draws-v1.csv.gz,data-frozen/empirical/aws-raw/P17-T03-draws-v1.csv.gz,ship,manuscript promise: complete raw draw streams of the application,1519914,1519914
B,empirical-raw,2025-06-27_Bayesian Mokken Scaling/paper-A-bayesian-scalability/codebase/research/v4/cluster-polytomous/empirical-swmdk/phase17/aws-raw/P17-T03-receipt-v1.json,data-frozen/empirical/aws-raw/P17-T03-receipt-v1.json,ship,manuscript promise: complete raw draw streams of the application,1356,1356
B,empirical-raw,2025-06-27_Bayesian Mokken Scaling/paper-A-bayesian-scalability/codebase/research/v4/cluster-polytomous/empirical-swmdk/phase17/aws-raw/P17-T04-batch-manifest-v1.csv,data-frozen/empirical/aws-raw/P17-T04-batch-manifest-v1.csv,ship,manuscript promise: complete raw draw streams of the application,5849,5849
B,empirical-raw,2025-06-27_Bayesian Mokken Scaling/paper-A-bayesian-scalability/codebase/research/v4/cluster-polytomous/empirical-swmdk/phase17/aws-raw/P17-T04-draws-v1.csv.gz,data-frozen/empirical/aws-raw/P17-T04-draws-v1.csv.gz,ship,manuscript promise: complete raw draw streams of the application,1526238,1526238
B,empirical-raw,2025-06-27_Bayesian Mokken Scaling/paper-A-bayesian-scalability/codebase/research/v4/cluster-polytomous/empirical-swmdk/phase17/aws-raw/P17-T04-receipt-v1.json,data-frozen/empirical/aws-raw/P17-T04-receipt-v1.json,ship,manuscript promise: complete raw draw streams of the application,1366,1366
B,empirical-raw,2025-06-27_Bayesian Mokken Scaling/paper-A-bayesian-scalability/codebase/research/v4/cluster-polytomous/empirical-swmdk/phase17/aws-raw/P17-T05-batch-manifest-v1.csv,data-frozen/empirical/aws-raw/P17-T05-batch-manifest-v1.csv,ship,manuscript promise: complete raw draw streams of the application,5849,5849
B,empirical-raw,2025-06-27_Bayesian Mokken Scaling/paper-A-bayesian-scalability/codebase/research/v4/cluster-polytomous/empirical-swmdk/phase17/aws-raw/P17-T05-draws-v1.csv.gz,data-frozen/empirical/aws-raw/P17-T05-draws-v1.csv.gz,ship,manuscript promise: complete raw draw streams of the application,1542959,1542959
B,empirical-raw,2025-06-27_Bayesian Mokken Scaling/paper-A-bayesian-scalability/codebase/research/v4/cluster-polytomous/empirical-swmdk/phase17/aws-raw/P17-T05-receipt-v1.json,data-frozen/empirical/aws-raw/P17-T05-receipt-v1.json,ship,manuscript promise: complete raw draw streams of the application,1377,1377
B,empirical-raw,2025-06-27_Bayesian Mokken Scaling/paper-A-bayesian-scalability/codebase/research/v4/cluster-polytomous/empirical-swmdk/phase17/aws-raw/P17-T06-batch-manifest-v1.csv,data-frozen/empirical/aws-raw/P17-T06-batch-manifest-v1.csv,ship,manuscript promise: complete raw draw streams of the application,5849,5849
B,empirical-raw,2025-06-27_Bayesian Mokken Scaling/paper-A-bayesian-scalability/codebase/research/v4/cluster-polytomous/empirical-swmdk/phase17/aws-raw/P17-T06-draws-v1.csv.gz,data-frozen/empirical/aws-raw/P17-T06-draws-v1.csv.gz,ship,manuscript promise: complete raw draw streams of the application,1523703,1523703
B,empirical-raw,2025-06-27_Bayesian Mokken Scaling/paper-A-bayesian-scalability/codebase/research/v4/cluster-polytomous/empirical-swmdk/phase17/aws-raw/P17-T06-receipt-v1.json,data-frozen/empirical/aws-raw/P17-T06-receipt-v1.json,ship,manuscript promise: complete raw draw streams of the application,1366,1366
B,empirical-raw,2025-06-27_Bayesian Mokken Scaling/paper-A-bayesian-scalability/codebase/research/v4/cluster-polytomous/empirical-swmdk/phase17/aws-raw/P17-T07-batch-manifest-v1.csv,data-frozen/empirical/aws-raw/P17-T07-batch-manifest-v1.csv,ship,manuscript promise: complete raw draw streams of the application,5849,5849
B,empirical-raw,2025-06-27_Bayesian Mokken Scaling/paper-A-bayesian-scalability/codebase/research/v4/cluster-polytomous/empirical-swmdk/phase17/aws-raw/P17-T07-draws-v1.csv.gz,data-frozen/empirical/aws-raw/P17-T07-draws-v1.csv.gz,ship,manuscript promise: complete raw draw streams of the application,1542007,1542007
B,empirical-raw,2025-06-27_Bayesian Mokken Scaling/paper-A-bayesian-scalability/codebase/research/v4/cluster-polytomous/empirical-swmdk/phase17/aws-raw/P17-T07-receipt-v1.json,data-frozen/empirical/aws-raw/P17-T07-receipt-v1.json,ship,manuscript promise: complete raw draw streams of the application,1366,1366
B,empirical-raw,2025-06-27_Bayesian Mokken Scaling/paper-A-bayesian-scalability/codebase/research/v4/cluster-polytomous/empirical-swmdk/phase17/aws-raw/P17-T08-batch-manifest-v1.csv,data-frozen/empirical/aws-raw/P17-T08-batch-manifest-v1.csv,ship,manuscript promise: complete raw draw streams of the application,5849,5849
B,empirical-raw,2025-06-27_Bayesian Mokken Scaling/paper-A-bayesian-scalability/codebase/research/v4/cluster-polytomous/empirical-swmdk/phase17/aws-raw/P17-T08-draws-v1.csv.gz,data-frozen/empirical/aws-raw/P17-T08-draws-v1.csv.gz,ship,manuscript promise: complete raw draw streams of the application,1545113,1545113
B,empirical-raw,2025-06-27_Bayesian Mokken Scaling/paper-A-bayesian-scalability/codebase/research/v4/cluster-polytomous/empirical-swmdk/phase17/aws-raw/P17-T08-receipt-v1.json,data-frozen/empirical/aws-raw/P17-T08-receipt-v1.json,ship,manuscript promise: complete raw draw streams of the application,1370,1370
B,empirical-raw,2025-06-27_Bayesian Mokken Scaling/paper-A-bayesian-scalability/codebase/research/v4/cluster-polytomous/empirical-swmdk/phase17/aws-raw/P17-T09-batch-manifest-v1.csv,data-frozen/empirical/aws-raw/P17-T09-batch-manifest-v1.csv,ship,manuscript promise: complete raw draw streams of the application,5849,5849
B,empirical-raw,2025-06-27_Bayesian Mokken Scaling/paper-A-bayesian-scalability/codebase/research/v4/cluster-polytomous/empirical-swmdk/phase17/aws-raw/P17-T09-draws-v1.csv.gz,data-frozen/empirical/aws-raw/P17-T09-draws-v1.csv.gz,ship,manuscript promise: complete raw draw streams of the application,1531317,1531317
B,empirical-raw,2025-06-27_Bayesian Mokken Scaling/paper-A-bayesian-scalability/codebase/research/v4/cluster-polytomous/empirical-swmdk/phase17/aws-raw/P17-T09-receipt-v1.json,data-frozen/empirical/aws-raw/P17-T09-receipt-v1.json,ship,manuscript promise: complete raw draw streams of the application,1358,1358
B,empirical-raw,2025-06-27_Bayesian Mokken Scaling/paper-A-bayesian-scalability/codebase/research/v4/cluster-polytomous/empirical-swmdk/phase17/aws-raw/P17-T10-batch-manifest-v1.csv,data-frozen/empirical/aws-raw/P17-T10-batch-manifest-v1.csv,ship,manuscript promise: complete raw draw streams of the application,5849,5849
B,empirical-raw,2025-06-27_Bayesian Mokken Scaling/paper-A-bayesian-scalability/codebase/research/v4/cluster-polytomous/empirical-swmdk/phase17/aws-raw/P17-T10-draws-v1.csv.gz,data-frozen/empirical/aws-raw/P17-T10-draws-v1.csv.gz,ship,manuscript promise: complete raw draw streams of the application,1531263,1531263
B,empirical-raw,2025-06-27_Bayesian Mokken Scaling/paper-A-bayesian-scalability/codebase/research/v4/cluster-polytomous/empirical-swmdk/phase17/aws-raw/P17-T10-receipt-v1.json,data-frozen/empirical/aws-raw/P17-T10-receipt-v1.json,ship,manuscript promise: complete raw draw streams of the application,1369,1369
B,empirical-raw,2025-06-27_Bayesian Mokken Scaling/paper-A-bayesian-scalability/codebase/research/v4/cluster-polytomous/empirical-swmdk/phase17/aws-raw/P17-T11-batch-manifest-v1.csv,data-frozen/empirical/aws-raw/P17-T11-batch-manifest-v1.csv,ship,manuscript promise: complete raw draw streams of the application,5849,5849
B,empirical-raw,2025-06-27_Bayesian Mokken Scaling/paper-A-bayesian-scalability/codebase/research/v4/cluster-polytomous/empirical-swmdk/phase17/aws-raw/P17-T11-draws-v1.csv.gz,data-frozen/empirical/aws-raw/P17-T11-draws-v1.csv.gz,ship,manuscript promise: complete raw draw streams of the application,1542925,1542925
B,empirical-raw,2025-06-27_Bayesian Mokken Scaling/paper-A-bayesian-scalability/codebase/research/v4/cluster-polytomous/empirical-swmdk/phase17/aws-raw/P17-T11-receipt-v1.json,data-frozen/empirical/aws-raw/P17-T11-receipt-v1.json,ship,manuscript promise: complete raw draw streams of the application,1380,1380
B,empirical-raw,2025-06-27_Bayesian Mokken Scaling/paper-A-bayesian-scalability/codebase/research/v4/cluster-polytomous/empirical-swmdk/phase17/aws-raw/P17-T12-batch-manifest-v1.csv,data-frozen/empirical/aws-raw/P17-T12-batch-manifest-v1.csv,ship,manuscript promise: complete raw draw streams of the application,5849,5849
B,empirical-raw,2025-06-27_Bayesian Mokken Scaling/paper-A-bayesian-scalability/codebase/research/v4/cluster-polytomous/empirical-swmdk/phase17/aws-raw/P17-T12-draws-v1.csv.gz,data-frozen/empirical/aws-raw/P17-T12-draws-v1.csv.gz,ship,manuscript promise: complete raw draw streams of the application,1535500,1535500
B,empirical-raw,2025-06-27_Bayesian Mokken Scaling/paper-A-bayesian-scalability/codebase/research/v4/cluster-polytomous/empirical-swmdk/phase17/aws-raw/P17-T12-receipt-v1.json,data-frozen/empirical/aws-raw/P17-T12-receipt-v1.json,ship,manuscript promise: complete raw draw streams of the application,1369,1369
B,reference-code,2025-06-27_Bayesian Mokken Scaling/paper-A-bayesian-scalability/codebase/research/v4/cluster-polytomous/empirical-swmdk/phase17/evaluate-phase17-swmdk-v1.R,reference-code/phase17/evaluate-phase17-swmdk-v1.R,ship,"application runner, evaluator and finalizer",24158,25046
B,reference-code,2025-06-27_Bayesian Mokken Scaling/paper-A-bayesian-scalability/codebase/research/v4/cluster-polytomous/empirical-swmdk/phase17/finalize-phase17-empirical-application-v1.R,reference-code/phase17/finalize-phase17-empirical-application-v1.R,ship,"application runner, evaluator and finalizer",23487,24375
B,reference-code,2025-06-27_Bayesian Mokken Scaling/paper-A-bayesian-scalability/codebase/research/v4/cluster-polytomous/empirical-swmdk/phase17/run-phase17-aws-v1.sh,reference-code/phase17/run-phase17-aws-v1.sh,ship,"application runner, evaluator and finalizer",836,1724
B,reference-code,2025-06-27_Bayesian Mokken Scaling/paper-A-bayesian-scalability/codebase/research/v4/cluster-polytomous/empirical-swmdk/phase17/run-phase17-task-v1.R,reference-code/phase17/run-phase17-task-v1.R,ship,"application runner, evaluator and finalizer",8421,9309
B,excluded,2025-06-27_Bayesian Mokken Scaling/paper-A-bayesian-scalability/codebase/research/v4/cluster-polytomous/empirical-swmdk/phase17/aws-logs/P17-T01.log,,exclude,"D-3: records how compute was scheduled, not what was decided",52,0
B,excluded,2025-06-27_Bayesian Mokken Scaling/paper-A-bayesian-scalability/codebase/research/v4/cluster-polytomous/empirical-swmdk/phase17/aws-logs/P17-T02.log,,exclude,"D-3: records how compute was scheduled, not what was decided",52,0
B,excluded,2025-06-27_Bayesian Mokken Scaling/paper-A-bayesian-scalability/codebase/research/v4/cluster-polytomous/empirical-swmdk/phase17/aws-logs/P17-T03.log,,exclude,"D-3: records how compute was scheduled, not what was decided",52,0
B,excluded,2025-06-27_Bayesian Mokken Scaling/paper-A-bayesian-scalability/codebase/research/v4/cluster-polytomous/empirical-swmdk/phase17/aws-logs/P17-T04.log,,exclude,"D-3: records how compute was scheduled, not what was decided",52,0
B,excluded,2025-06-27_Bayesian Mokken Scaling/paper-A-bayesian-scalability/codebase/research/v4/cluster-polytomous/empirical-swmdk/phase17/aws-logs/P17-T05.log,,exclude,"D-3: records how compute was scheduled, not what was decided",52,0
B,excluded,2025-06-27_Bayesian Mokken Scaling/paper-A-bayesian-scalability/codebase/research/v4/cluster-polytomous/empirical-swmdk/phase17/aws-logs/P17-T06.log,,exclude,"D-3: records how compute was scheduled, not what was decided",52,0
B,excluded,2025-06-27_Bayesian Mokken Scaling/paper-A-bayesian-scalability/codebase/research/v4/cluster-polytomous/empirical-swmdk/phase17/aws-logs/P17-T07.log,,exclude,"D-3: records how compute was scheduled, not what was decided",52,0
B,excluded,2025-06-27_Bayesian Mokken Scaling/paper-A-bayesian-scalability/codebase/research/v4/cluster-polytomous/empirical-swmdk/phase17/aws-logs/P17-T08.log,,exclude,"D-3: records how compute was scheduled, not what was decided",52,0
B,excluded,2025-06-27_Bayesian Mokken Scaling/paper-A-bayesian-scalability/codebase/research/v4/cluster-polytomous/empirical-swmdk/phase17/aws-logs/P17-T09.log,,exclude,"D-3: records how compute was scheduled, not what was decided",52,0
B,excluded,2025-06-27_Bayesian Mokken Scaling/paper-A-bayesian-scalability/codebase/research/v4/cluster-polytomous/empirical-swmdk/phase17/aws-logs/P17-T10.log,,exclude,"D-3: records how compute was scheduled, not what was decided",52,0
B,excluded,2025-06-27_Bayesian Mokken Scaling/paper-A-bayesian-scalability/codebase/research/v4/cluster-polytomous/empirical-swmdk/phase17/aws-logs/P17-T11.log,,exclude,"D-3: records how compute was scheduled, not what was decided",52,0
B,excluded,2025-06-27_Bayesian Mokken Scaling/paper-A-bayesian-scalability/codebase/research/v4/cluster-polytomous/empirical-swmdk/phase17/aws-logs/P17-T12.log,,exclude,"D-3: records how compute was scheduled, not what was decided",52,0
B,excluded,2025-06-27_Bayesian Mokken Scaling/paper-A-bayesian-scalability/codebase/research/v4/cluster-polytomous/empirical-swmdk/phase17/execution-bundles/v4-phase17-aws-execution-bundle-v1.tar.gz,,exclude,"D-3: records how compute was scheduled, not what was decided",33733,0
B,excluded,2025-06-27_Bayesian Mokken Scaling/paper-A-bayesian-scalability/codebase/research/v4/cluster-polytomous/confirmatory/aws-logs/P16-C001.log,,exclude,"D-3: records how compute was scheduled, not what was decided",54,0
B,excluded,2025-06-27_Bayesian Mokken Scaling/paper-A-bayesian-scalability/codebase/research/v4/cluster-polytomous/confirmatory/aws-logs/P16-C002.log,,exclude,"D-3: records how compute was scheduled, not what was decided",54,0
B,excluded,2025-06-27_Bayesian Mokken Scaling/paper-A-bayesian-scalability/codebase/research/v4/cluster-polytomous/confirmatory/aws-logs/P16-C003.log,,exclude,"D-3: records how compute was scheduled, not what was decided",54,0
B,excluded,2025-06-27_Bayesian Mokken Scaling/paper-A-bayesian-scalability/codebase/research/v4/cluster-polytomous/confirmatory/aws-logs/P16-C004.log,,exclude,"D-3: records how compute was scheduled, not what was decided",54,0
B,excluded,2025-06-27_Bayesian Mokken Scaling/paper-A-bayesian-scalability/codebase/research/v4/cluster-polytomous/confirmatory/aws-logs/P16-C005.log,,exclude,"D-3: records how compute was scheduled, not what was decided",54,0
B,excluded,2025-06-27_Bayesian Mokken Scaling/paper-A-bayesian-scalability/codebase/research/v4/cluster-polytomous/confirmatory/aws-logs/P16-C006.log,,exclude,"D-3: records how compute was scheduled, not what was decided",54,0
B,excluded,2025-06-27_Bayesian Mokken Scaling/paper-A-bayesian-scalability/codebase/research/v4/cluster-polytomous/confirmatory/aws-logs/P16-C007.log,,exclude,"D-3: records how compute was scheduled, not what was decided",54,0
B,excluded,2025-06-27_Bayesian Mokken Scaling/paper-A-bayesian-scalability/codebase/research/v4/cluster-polytomous/confirmatory/aws-logs/P16-C008.log,,exclude,"D-3: records how compute was scheduled, not what was decided",54,0
B,excluded,2025-06-27_Bayesian Mokken Scaling/paper-A-bayesian-scalability/codebase/research/v4/cluster-polytomous/confirmatory/aws-logs/P16-C009.log,,exclude,"D-3: records how compute was scheduled, not what was decided",54,0
B,excluded,2025-06-27_Bayesian Mokken Scaling/paper-A-bayesian-scalability/codebase/research/v4/cluster-polytomous/confirmatory/aws-logs/P16-C010.log,,exclude,"D-3: records how compute was scheduled, not what was decided",54,0
B,excluded,2025-06-27_Bayesian Mokken Scaling/paper-A-bayesian-scalability/codebase/research/v4/cluster-polytomous/confirmatory/aws-logs/P16-C011.log,,exclude,"D-3: records how compute was scheduled, not what was decided",54,0
B,excluded,2025-06-27_Bayesian Mokken Scaling/paper-A-bayesian-scalability/codebase/research/v4/cluster-polytomous/confirmatory/aws-logs/P16-C012.log,,exclude,"D-3: records how compute was scheduled, not what was decided",54,0
B,excluded,2025-06-27_Bayesian Mokken Scaling/paper-A-bayesian-scalability/codebase/research/v4/cluster-polytomous/confirmatory/aws-logs/P16-C013.log,,exclude,"D-3: records how compute was scheduled, not what was decided",54,0
B,excluded,2025-06-27_Bayesian Mokken Scaling/paper-A-bayesian-scalability/codebase/research/v4/cluster-polytomous/confirmatory/aws-logs/P16-C014.log,,exclude,"D-3: records how compute was scheduled, not what was decided",54,0
B,excluded,2025-06-27_Bayesian Mokken Scaling/paper-A-bayesian-scalability/codebase/research/v4/cluster-polytomous/confirmatory/aws-logs/P16-C015.log,,exclude,"D-3: records how compute was scheduled, not what was decided",54,0
B,excluded,2025-06-27_Bayesian Mokken Scaling/paper-A-bayesian-scalability/codebase/research/v4/cluster-polytomous/confirmatory/aws-logs/P16-C016.log,,exclude,"D-3: records how compute was scheduled, not what was decided",54,0
B,excluded,2025-06-27_Bayesian Mokken Scaling/paper-A-bayesian-scalability/codebase/research/v4/cluster-polytomous/confirmatory/aws-logs/P16-C017.log,,exclude,"D-3: records how compute was scheduled, not what was decided",54,0
B,excluded,2025-06-27_Bayesian Mokken Scaling/paper-A-bayesian-scalability/codebase/research/v4/cluster-polytomous/confirmatory/aws-logs/P16-C018.log,,exclude,"D-3: records how compute was scheduled, not what was decided",54,0
B,excluded,2025-06-27_Bayesian Mokken Scaling/paper-A-bayesian-scalability/codebase/research/v4/cluster-polytomous/confirmatory/aws-logs/P16-C019.log,,exclude,"D-3: records how compute was scheduled, not what was decided",54,0
B,excluded,2025-06-27_Bayesian Mokken Scaling/paper-A-bayesian-scalability/codebase/research/v4/cluster-polytomous/confirmatory/aws-logs/P16-C020.log,,exclude,"D-3: records how compute was scheduled, not what was decided",54,0
B,excluded,2025-06-27_Bayesian Mokken Scaling/paper-A-bayesian-scalability/codebase/research/v4/cluster-polytomous/confirmatory/aws-logs/P16-C021.log,,exclude,"D-3: records how compute was scheduled, not what was decided",54,0
B,excluded,2025-06-27_Bayesian Mokken Scaling/paper-A-bayesian-scalability/codebase/research/v4/cluster-polytomous/confirmatory/aws-logs/P16-C022.log,,exclude,"D-3: records how compute was scheduled, not what was decided",54,0
B,excluded,2025-06-27_Bayesian Mokken Scaling/paper-A-bayesian-scalability/codebase/research/v4/cluster-polytomous/confirmatory/aws-logs/P16-C023.log,,exclude,"D-3: records how compute was scheduled, not what was decided",54,0
B,excluded,2025-06-27_Bayesian Mokken Scaling/paper-A-bayesian-scalability/codebase/research/v4/cluster-polytomous/confirmatory/aws-logs/P16-C024.log,,exclude,"D-3: records how compute was scheduled, not what was decided",54,0
B,oracles,2025-06-27_Bayesian Mokken Scaling/paper-A-bayesian-scalability/codebase/oracles/transport-lp/fixtures/lp-hand-values.csv,verification/oracles/transport-lp/fixtures/lp-hand-values.csv,ship,D-10: independent check on the polytomous method,481,481
B,oracles,2025-06-27_Bayesian Mokken Scaling/paper-A-bayesian-scalability/codebase/oracles/transport-lp/fixtures/tie-unused-cases.yml,verification/oracles/transport-lp/fixtures/tie-unused-cases.yml,ship,D-10: independent check on the polytomous method,1283,1283
B,oracles,2025-06-27_Bayesian Mokken Scaling/paper-A-bayesian-scalability/codebase/oracles/transport-lp/fixtures/transport-counterexamples.yml,verification/oracles/transport-lp/fixtures/transport-counterexamples.yml,ship,D-10: independent check on the polytomous method,1563,1563
B,oracles,2025-06-27_Bayesian Mokken Scaling/paper-A-bayesian-scalability/codebase/oracles/transport-lp/reports/exhaustive-grid.html,verification/oracles/transport-lp/reports/exhaustive-grid.html,ship,D-10: independent check on the polytomous method,1189126,1189126
B,oracles,2025-06-27_Bayesian Mokken Scaling/paper-A-bayesian-scalability/codebase/oracles/transport-lp/reports/exhaustive-grid.qmd,verification/oracles/transport-lp/reports/exhaustive-grid.qmd,ship,D-10: independent check on the polytomous method,2388,2388
B,oracles,2025-06-27_Bayesian Mokken Scaling/paper-A-bayesian-scalability/codebase/oracles/transport-lp/results/exhaustive-grid-failures.csv,verification/oracles/transport-lp/results/exhaustive-grid-failures.csv,ship,D-10: independent check on the polytomous method,207,207
B,oracles,2025-06-27_Bayesian Mokken Scaling/paper-A-bayesian-scalability/codebase/oracles/transport-lp/results/exhaustive-grid-summary.csv,verification/oracles/transport-lp/results/exhaustive-grid-summary.csv,ship,D-10: independent check on the polytomous method,2559,2559
B,oracles,2025-06-27_Bayesian Mokken Scaling/paper-A-bayesian-scalability/codebase/oracles/transport-lp/run-exhaustive-grid.R,verification/oracles/transport-lp/run-exhaustive-grid.R,ship,D-10: independent check on the polytomous method,4234,4297
B,oracles,2025-06-27_Bayesian Mokken Scaling/paper-A-bayesian-scalability/codebase/oracles/transport-lp/solve-transport-lp.R,verification/oracles/transport-lp/solve-transport-lp.R,ship,D-10: independent check on the polytomous method,2873,2873
B,oracles,2025-06-27_Bayesian Mokken Scaling/paper-A-bayesian-scalability/codebase/oracles/transport-lp/spec.yml,verification/oracles/transport-lp/spec.yml,ship,D-10: independent check on the polytomous method,1427,1427
B,oracles,2025-06-27_Bayesian Mokken Scaling/paper-A-bayesian-scalability/codebase/oracles/transport-lp/tests/test-lp-feasibility.R,verification/oracles/transport-lp/tests/test-lp-feasibility.R,ship,D-10: independent check on the polytomous method,2322,2322
B,oracles,2025-06-27_Bayesian Mokken Scaling/paper-A-bayesian-scalability/codebase/oracles/transport-lp/two-pointer-reference.R,verification/oracles/transport-lp/two-pointer-reference.R,ship,D-10: independent check on the polytomous method,2311,2404
B,oracles,2025-06-27_Bayesian Mokken Scaling/paper-A-bayesian-scalability/codebase/oracles/koopman/fixtures/koopman-scale-summary.csv,verification/oracles/koopman/fixtures/koopman-scale-summary.csv,ship,D-10: independent check on the polytomous method,343,343
B,oracles,2025-06-27_Bayesian Mokken Scaling/paper-A-bayesian-scalability/codebase/oracles/koopman/fixtures/koopman-t-aisp-assignment.csv,verification/oracles/koopman/fixtures/koopman-t-aisp-assignment.csv,ship,D-10: independent check on the polytomous method,214,214
B,oracles,2025-06-27_Bayesian Mokken Scaling/paper-A-bayesian-scalability/codebase/oracles/koopman/verify-koopman-2022.R,verification/oracles/koopman/verify-koopman-2022.R,ship,D-10: independent check on the polytomous method,2991,2991
B,oracles,2025-06-27_Bayesian Mokken Scaling/paper-A-bayesian-scalability/codebase/oracles/README.md,verification/oracles/README-upstream.md,ship,D-10: the upstream oracle-lane rule,374,374
B,reference-code,2025-06-27_Bayesian Mokken Scaling/paper-A-bayesian-scalability/codebase/research/v4/cluster-polytomous/tests/artifacts/v4-phase14-test-receipt-v1.json,reference-code/tests/artifacts/v4-phase14-test-receipt-v1.json,ship,engine tests as shipped upstream,596,596
B,reference-code,2025-06-27_Bayesian Mokken Scaling/paper-A-bayesian-scalability/codebase/research/v4/cluster-polytomous/tests/artifacts/v4-phase14-test-results-v1.csv,reference-code/tests/artifacts/v4-phase14-test-results-v1.csv,ship,engine tests as shipped upstream,3611,3611
B,reference-code,2025-06-27_Bayesian Mokken Scaling/paper-A-bayesian-scalability/codebase/research/v4/cluster-polytomous/tests/artifacts/v4-phase15-test-receipt-v1.json,reference-code/tests/artifacts/v4-phase15-test-receipt-v1.json,ship,engine tests as shipped upstream,436,436
B,reference-code,2025-06-27_Bayesian Mokken Scaling/paper-A-bayesian-scalability/codebase/research/v4/cluster-polytomous/tests/artifacts/v4-phase15-test-results-v1.csv,reference-code/tests/artifacts/v4-phase15-test-results-v1.csv,ship,engine tests as shipped upstream,2129,2129
B,reference-code,2025-06-27_Bayesian Mokken Scaling/paper-A-bayesian-scalability/codebase/research/v4/cluster-polytomous/tests/run-phase14-tests-v1.R,reference-code/tests/run-phase14-tests-v1.R,ship,engine tests as shipped upstream,13987,14875
B,reference-code,2025-06-27_Bayesian Mokken Scaling/paper-A-bayesian-scalability/codebase/research/v4/cluster-polytomous/tests/run-phase15-tests-v1.R,reference-code/tests/run-phase15-tests-v1.R,ship,engine tests as shipped upstream,8836,9724
B,phase18,2025-06-27_Bayesian Mokken Scaling/paper-A-bayesian-scalability/codebase/research/v4/cluster-polytomous/phase18-review/artifacts/v4-g18a-final-decision-receipt-v1.json,data-frozen/phase18/review/v4-g18a-final-decision-receipt-v1.json,ship,G18-A decision receipt and review metrics; read by 01_build_key_numbers.R,2958,2958
B,phase18,2025-06-27_Bayesian Mokken Scaling/paper-A-bayesian-scalability/codebase/research/v4/cluster-polytomous/phase18-review/artifacts/v4-phase18-final-evidence-manifest-v1.csv,data-frozen/phase18/review/v4-phase18-final-evidence-manifest-v1.csv,ship,G18-A decision receipt and review metrics; read by 01_build_key_numbers.R,5492,5492
B,phase18,2025-06-27_Bayesian Mokken Scaling/paper-A-bayesian-scalability/codebase/research/v4/cluster-polytomous/phase18-review/artifacts/v4-phase18-review-metrics-v1.json,data-frozen/phase18/review/v4-phase18-review-metrics-v1.json,ship,G18-A decision receipt and review metrics; read by 01_build_key_numbers.R,1503,1503
B,governance-ancestry,2025-06-27_Bayesian Mokken Scaling/paper-A-bayesian-scalability/codebase/research/v4/cluster-polytomous/empirical-swmdk/phase17/tests/run-phase17-tests-v1.R,reference-code/phase17/tests/run-phase17-tests-v1.R,ship,the Phase 17 test suite; its digest is named by the execution-code lock,10475,11363
B,governance-ancestry,2025-06-27_Bayesian Mokken Scaling/paper-A-bayesian-scalability/codebase/research/v4/cluster-polytomous/empirical-swmdk/phase17/tests/artifacts/v4-phase17-test-receipt-v1.json,data-frozen/empirical/artifacts/v4-phase17-test-receipt-v1.json,ship,the Phase 17 test receipt named by the execution-code lock,535,535
B,governance-ancestry,2025-06-27_Bayesian Mokken Scaling/paper-A-bayesian-scalability/codebase/research/v4/cluster-polytomous/artifacts/v4-g14-decision-receipt-v1.json,data-frozen/design/v4-g14-decision-receipt-v1.json,ship,the G14 feasibility decision the Phase 15 authority addendum descends from,1969,1969
