"candidate","criterion_id","criterion","pass","evidence"
"DEDICATED_CLUSTER_POLYTOMOUS_PAPER","D01","distinct_cluster_estimand_and_sampling_law","TRUE","Independent unit is cluster, the primary rate is sqrt(G), and respondent versus equal-cluster targets are explicitly separated."
"DEDICATED_CLUSTER_POLYTOMOUS_PAPER","D02","distinct_hierarchical_weight_method_and_calibration","TRUE","The locked gamma=-1.5 hierarchical random-weight law and its calibration chain do not belong to the standard respondent-BB binary method."
"DEDICATED_CLUSTER_POLYTOMOUS_PAPER","D03","independent_Phase14_to_Phase17_evidence_chain","TRUE","Feasibility, development, held-out validation, fresh confirmation, and SWMDK application each have separate locked receipts."
"DEDICATED_CLUSTER_POLYTOMOUS_PAPER","D04","positive_cluster_result_contrasts_with_binary_negative_story","TRUE","The current manuscript reports failed binary respondent-BB calibration, whereas the bounded clustered-polytomous method passed its frozen confirmation gates."
"DEDICATED_CLUSTER_POLYTOMOUS_PAPER","D05","integrated_scope_would_obscure_primary_claim","TRUE","Combining response type, sampling unit, target, weight law, validation result, and empirical lane would produce two different methodological theses."
"INTEGRATED_BINARY_ORDINAL_CLUSTER_PAPER","I01","one_general_method_thesis_remains_coherent","FALSE","The binary paper's thesis is a negative calibration result for standard respondent BB; the new lane's thesis is a validated hierarchical cluster-aware procedure."
"INTEGRATED_BINARY_ORDINAL_CLUSTER_PAPER","I02","binary_and_cluster_results_share_one_decision_claim","FALSE","They require different estimands, rates, procedures, and inferential conclusions."
"INTEGRATED_BINARY_ORDINAL_CLUSTER_PAPER","I03","combined_manuscript_can_preserve_all_restrictions","TRUE","A combined paper could technically retain the source, threshold, knot, and calibration restrictions."
"INTEGRATED_BINARY_ORDINAL_CLUSTER_PAPER","I04","journal_length_and_complexity_are_feasible","FALSE","The existing seven-section binary candidate already has a complete theory-simulation-negative-result arc; adding the Phase 14-17 chain would require another full method and validation arc."
